timestamp,value1,value2,value3
1746727302.517,3.510,3.768,1.760
1746727304.813,1.287,4.834,0.755
1746727306.046,0.058,5.000,0.035
1746727306.664,-0.560,4.969,-0.335
1746727306.950,-0.846,4.928,-0.503
1746727307.095,-0.990,4.902,-0.586
1746727307.202,-1.096,4.880,-0.647
1746727307.295,-1.189,4.859,-0.700
1746727307.301,-1.194,4.857,-0.703
1746727307.306,-1.199,4.856,-0.706
1746727307.310,-1.204,4.855,-0.708
1746727307.316,-1.209,4.854,-0.711
1746727307.320,-1.213,4.853,-0.714
1746727307.330,-1.223,4.850,-0.719
1746727307.332,-1.225,4.850,-0.720
1746727307.338,-1.231,4.848,-0.724
1746727307.343,-1.236,4.847,-0.727
1746727307.348,-1.241,4.846,-0.729
1746727307.353,-1.246,4.845,-0.732
1746727307.357,-1.250,4.844,-0.734
1746727307.362,-1.255,4.843,-0.737
1746727307.373,-1.265,4.840,-0.743
1746727307.382,-1.275,4.838,-0.748
1746727307.389,-1.281,4.836,-0.752
1746727307.438,-1.331,4.823,-0.779
1746727307.488,-1.380,4.810,-0.807
1746727307.493,-1.385,4.808,-0.810
1746727307.496,-1.388,4.807,-0.811
1746727307.501,-1.393,4.806,-0.814
1746727307.507,-1.399,4.804,-0.817
1746727307.513,-1.405,4.803,-0.821
1746727307.559,-1.450,4.790,-0.845
1746727307.601,-1.491,4.778,-0.868
1746727307.646,-1.537,4.764,-0.893
1746727307.651,-1.541,4.762,-0.895
1746727307.653,-1.543,4.762,-0.896
1746727307.657,-1.547,4.761,-0.899
1746727307.689,-1.578,4.751,-0.916
1746727307.693,-1.583,4.750,-0.918
1746727307.697,-1.587,4.748,-0.920
1746727307.700,-1.589,4.747,-0.921
1746727307.704,-1.593,4.746,-0.924
1746727307.708,-1.598,4.745,-0.926
1746727307.711,-1.600,4.744,-0.927
1746727307.714,-1.604,4.743,-0.929
1746727307.719,-1.608,4.741,-0.931
1746727307.722,-1.611,4.740,-0.933
1746727307.726,-1.615,4.739,-0.936
1746727307.731,-1.620,4.738,-0.938
1746727307.734,-1.623,4.737,-0.940
1746727307.737,-1.626,4.736,-0.941
1746727307.741,-1.630,4.734,-0.943
1746727307.745,-1.633,4.733,-0.945
1746727307.748,-1.637,4.732,-0.947
1746727307.752,-1.641,4.731,-0.949
1746727307.755,-1.644,4.730,-0.951
1746727307.759,-1.648,4.728,-0.953
1746727307.764,-1.652,4.727,-0.955
1746727307.768,-1.656,4.726,-0.957
1746727307.773,-1.662,4.724,-0.960
1746727307.778,-1.667,4.722,-0.963
1746727307.781,-1.669,4.721,-0.964
1746727307.786,-1.674,4.720,-0.967
1746727307.791,-1.679,4.718,-0.970
1746727307.797,-1.685,4.716,-0.973
1746727307.804,-1.692,4.714,-0.976
1746727307.807,-1.695,4.713,-0.978
1746727307.813,-1.701,4.711,-0.981
1746727307.816,-1.704,4.710,-0.983
1746727307.821,-1.709,4.708,-0.985
1746727307.827,-1.714,4.706,-0.988
1746727307.832,-1.720,4.704,-0.991
1746727307.843,-1.730,4.701,-0.997
1746727307.845,-1.733,4.700,-0.998
1746727307.851,-1.738,4.698,-1.001
1746727307.855,-1.743,4.696,-1.003
1746727307.859,-1.747,4.695,-1.005
1746727307.866,-1.753,4.693,-1.009
1746727307.873,-1.760,4.690,-1.012
1746727307.928,-1.814,4.671,-1.041
1746727307.975,-1.861,4.654,-1.065
1746727307.981,-1.866,4.652,-1.068
1746727307.987,-1.872,4.649,-1.071
1746727307.991,-1.876,4.648,-1.073
1746727308.042,-1.926,4.629,-1.099
1746727308.086,-1.969,4.612,-1.121
1746727308.123,-2.005,4.598,-1.139
1746727308.128,-2.010,4.596,-1.141
1746727308.138,-2.020,4.592,-1.146
1746727308.141,-2.023,4.591,-1.148
1746727308.146,-2.028,4.589,-1.150
1746727308.149,-2.031,4.587,-1.152
1746727308.152,-2.034,4.586,-1.153
1746727308.157,-2.039,4.584,-1.156
1746727308.160,-2.042,4.583,-1.157
1746727308.163,-2.045,4.582,-1.159
1746727308.169,-2.050,4.580,-1.161
1746727308.172,-2.053,4.578,-1.163
1746727308.175,-2.056,4.577,-1.164
1746727308.179,-2.061,4.575,-1.166
1746727308.182,-2.064,4.574,-1.168
1746727308.186,-2.067,4.573,-1.170
1746727308.190,-2.071,4.571,-1.172
1746727308.195,-2.076,4.569,-1.174
1746727308.197,-2.078,4.568,-1.175
1746727308.202,-2.083,4.566,-1.178
1746727308.207,-2.088,4.564,-1.180
1746727308.209,-2.089,4.563,-1.181
1746727308.213,-2.094,4.562,-1.183
1746727308.218,-2.098,4.560,-1.185
1746727308.221,-2.101,4.558,-1.187
1746727308.225,-2.105,4.557,-1.189
1746727308.230,-2.110,4.555,-1.191
1746727308.233,-2.113,4.553,-1.192
1746727308.239,-2.119,4.551,-1.195
1746727308.244,-2.124,4.549,-1.198
1746727308.249,-2.129,4.547,-1.200
1746727308.255,-2.134,4.544,-1.203
1746727308.257,-2.137,4.543,-1.204
1746727308.264,-2.143,4.541,-1.207
1746727308.311,-2.190,4.521,-1.230
1746727308.317,-2.195,4.518,-1.233
1746727308.321,-2.200,4.516,-1.235
1746727308.381,-2.257,4.490,-1.262
1746727308.439,-2.315,4.464,-1.290
1746727308.445,-2.320,4.462,-1.292
1746727308.449,-2.324,4.460,-1.294
1746727308.456,-2.331,4.457,-1.297
1746727308.462,-2.337,4.454,-1.300
1746727308.469,-2.343,4.451,-1.303
1746727308.518,-2.391,4.429,-1.325
1746727308.557,-2.429,4.410,-1.343
1746727308.562,-2.434,4.408,-1.345
1746727308.567,-2.439,4.405,-1.347
1746727308.571,-2.443,4.403,-1.349
1746727308.576,-2.447,4.401,-1.351
1746727308.581,-2.452,4.399,-1.353
1746727308.586,-2.456,4.397,-1.355
1746727308.593,-2.463,4.393,-1.358
1746727308.598,-2.468,4.391,-1.361
1746727308.604,-2.474,4.388,-1.363
1746727308.607,-2.477,4.386,-1.365
1746727308.612,-2.482,4.384,-1.367
1746727308.616,-2.486,4.382,-1.369
1746727308.620,-2.490,4.380,-1.370
1746727308.626,-2.496,4.377,-1.373
1746727308.628,-2.498,4.376,-1.374
1746727308.637,-2.506,4.372,-1.378
1746727308.646,-2.515,4.367,-1.382
1746727308.650,-2.519,4.366,-1.383
1746727308.652,-2.521,4.364,-1.384
1746727308.657,-2.525,4.362,-1.386
1746727308.661,-2.530,4.360,-1.388
1746727308.664,-2.532,4.359,-1.389
1746727308.668,-2.537,4.357,-1.391
1746727308.673,-2.541,4.354,-1.393
1746727308.675,-2.543,4.353,-1.394
1746727308.680,-2.548,4.351,-1.396
1746727308.684,-2.552,4.349,-1.398
1746727308.687,-2.555,4.347,-1.399
1746727308.692,-2.559,4.345,-1.401
1746727308.696,-2.564,4.343,-1.403
1746727308.698,-2.566,4.342,-1.404
1746727308.703,-2.570,4.339,-1.406
1746727308.708,-2.575,4.337,-1.408
1746727308.740,-2.606,4.321,-1.422
1746727308.772,-2.636,4.305,-1.435
1746727308.809,-2.672,4.286,-1.451
1746727308.814,-2.677,4.283,-1.453
1746727308.817,-2.680,4.282,-1.454
1746727308.822,-2.685,4.279,-1.456
1746727308.828,-2.691,4.276,-1.459
1746727308.833,-2.696,4.273,-1.461
1746727308.839,-2.701,4.271,-1.463
1746727308.842,-2.704,4.269,-1.464
1746727308.847,-2.709,4.266,-1.466
1746727308.852,-2.714,4.263,-1.468
1746727308.856,-2.717,4.262,-1.470
1746727308.863,-2.725,4.258,-1.473
1746727308.866,-2.727,4.256,-1.474
1746727308.872,-2.733,4.253,-1.476
1746727308.926,-2.785,4.224,-1.498
1746727308.962,-2.820,4.205,-1.513
1746727308.968,-2.825,4.202,-1.515
1746727308.974,-2.831,4.198,-1.517
1746727308.977,-2.834,4.197,-1.518
1746727308.982,-2.839,4.194,-1.520
1746727308.986,-2.843,4.192,-1.522
1746727308.992,-2.849,4.188,-1.524
1746727308.998,-2.854,4.185,-1.527
1746727309.004,-2.860,4.182,-1.529
1746727309.010,-2.865,4.179,-1.531
1746727309.013,-2.868,4.177,-1.532
1746727309.019,-2.874,4.174,-1.534
1746727309.024,-2.879,4.171,-1.536
1746727309.029,-2.884,4.168,-1.539
1746727309.035,-2.889,4.165,-1.541
1746727309.042,-2.896,4.161,-1.543
1746727309.047,-2.901,4.158,-1.545
1746727309.053,-2.907,4.155,-1.548
1746727309.060,-2.913,4.151,-1.550
1746727309.062,-2.915,4.150,-1.551
1746727309.068,-2.921,4.147,-1.553
1746727309.073,-2.926,4.144,-1.555
1746727309.076,-2.929,4.142,-1.556
1746727309.083,-2.935,4.139,-1.559
1746727309.085,-2.937,4.137,-1.560
1746727309.091,-2.943,4.134,-1.562
1746727309.097,-2.949,4.130,-1.564
1746727309.103,-2.954,4.127,-1.566
1746727309.109,-2.960,4.124,-1.569
1746727309.113,-2.964,4.121,-1.570
1746727309.167,-3.015,4.091,-1.590
1746727309.219,-3.065,4.061,-1.609
1746727309.257,-3.102,4.038,-1.622
1746727309.263,-3.107,4.035,-1.624
1746727309.269,-3.112,4.031,-1.626
1746727309.275,-3.118,4.028,-1.628
1746727309.315,-3.156,4.004,-1.642
1746727309.320,-3.161,4.001,-1.644
1746727309.360,-3.199,3.977,-1.657
1746727309.364,-3.203,3.974,-1.659
1746727309.369,-3.208,3.971,-1.661
1746727309.375,-3.213,3.968,-1.663
1746727309.380,-3.218,3.964,-1.664
1746727309.383,-3.221,3.963,-1.665
1746727309.398,-3.235,3.953,-1.670
1746727309.403,-3.239,3.951,-1.672
1746727309.408,-3.244,3.947,-1.673
1746727309.412,-3.248,3.945,-1.675
1746727309.417,-3.253,3.942,-1.676
1746727309.422,-3.257,3.939,-1.678
1746727309.427,-3.263,3.936,-1.680
1746727309.432,-3.268,3.932,-1.681
1746727309.437,-3.272,3.930,-1.683
1746727309.444,-3.278,3.925,-1.685
1746727309.447,-3.281,3.923,-1.686
1746727309.453,-3.287,3.920,-1.688
1746727309.457,-3.291,3.917,-1.689
1746727309.463,-3.297,3.913,-1.691
1746727309.469,-3.303,3.909,-1.693
1746727309.475,-3.308,3.906,-1.695
1746727309.482,-3.314,3.902,-1.697
1746727309.488,-3.320,3.898,-1.699
1746727309.494,-3.326,3.894,-1.701
1746727309.496,-3.328,3.893,-1.702
1746727309.502,-3.334,3.889,-1.704
1746727309.508,-3.339,3.885,-1.705
1746727309.513,-3.344,3.882,-1.707
1746727309.520,-3.350,3.878,-1.709
1746727309.525,-3.355,3.874,-1.711
1746727309.531,-3.361,3.870,-1.713
1746727309.533,-3.363,3.869,-1.713
1746727309.539,-3.368,3.865,-1.715
1746727309.546,-3.375,3.861,-1.717
1746727309.551,-3.379,3.858,-1.719
1746727309.557,-3.385,3.854,-1.721
1746727309.591,-3.417,3.832,-1.731
1746727309.630,-3.453,3.807,-1.743
1746727309.669,-3.490,3.782,-1.754
1746727309.676,-3.497,3.777,-1.756
1746727309.679,-3.500,3.775,-1.757
1746727309.686,-3.506,3.771,-1.759
1746727309.690,-3.509,3.768,-1.760
1746727309.696,-3.516,3.764,-1.762
1746727309.701,-3.520,3.761,-1.763
1746727309.708,-3.526,3.757,-1.765
1746727309.713,-3.531,3.753,-1.766
1746727309.719,-3.537,3.749,-1.768
1746727309.724,-3.542,3.746,-1.770
1746727309.758,-3.573,3.723,-1.779
1746727309.764,-3.579,3.719,-1.781
1746727309.769,-3.584,3.716,-1.782
1746727309.773,-3.587,3.713,-1.783
1746727309.779,-3.593,3.709,-1.785
1746727309.784,-3.598,3.706,-1.786
1746727309.790,-3.603,3.702,-1.788
1746727309.795,-3.608,3.698,-1.789
1746727309.801,-3.614,3.694,-1.791
1746727309.807,-3.619,3.690,-1.792
1746727309.815,-3.627,3.685,-1.794
1746727309.819,-3.631,3.682,-1.795
1746727309.827,-3.638,3.676,-1.798
1746727309.835,-3.645,3.671,-1.800
1746727309.841,-3.651,3.667,-1.801
1746727309.847,-3.657,3.663,-1.803
1746727309.853,-3.662,3.659,-1.804
1746727309.855,-3.664,3.658,-1.805
1746727309.861,-3.670,3.653,-1.806
1746727309.906,-3.711,3.623,-1.818
1746727309.912,-3.717,3.619,-1.819
1746727309.916,-3.720,3.616,-1.820
1746727309.921,-3.726,3.612,-1.822
1746727309.926,-3.730,3.609,-1.823
1746727309.931,-3.734,3.606,-1.824
1746727309.937,-3.740,3.601,-1.825
1746727309.943,-3.746,3.597,-1.827
1746727309.950,-3.752,3.592,-1.829
1746727309.957,-3.758,3.588,-1.830
1746727309.963,-3.764,3.583,-1.832
1746727309.970,-3.771,3.578,-1.833
1746727310.015,-3.812,3.547,-1.844
1746727310.063,-3.857,3.513,-1.855
1746727310.110,-3.900,3.479,-1.865
1746727310.117,-3.906,3.474,-1.867
1746727310.122,-3.911,3.470,-1.868
1746727310.133,-3.921,3.463,-1.870
1746727310.188,-3.972,3.423,-1.882
1746727310.195,-3.979,3.417,-1.883
1746727310.201,-3.984,3.413,-1.884
1746727310.209,-3.991,3.407,-1.886
1746727310.215,-3.996,3.403,-1.887
1746727310.222,-4.003,3.398,-1.889
1746727310.227,-4.007,3.394,-1.890
1746727310.234,-4.013,3.389,-1.891
1746727310.238,-4.018,3.386,-1.892
1746727310.246,-4.025,3.380,-1.893
1746727310.252,-4.030,3.376,-1.894
1746727310.260,-4.037,3.370,-1.896
1746727310.265,-4.042,3.366,-1.897
1746727310.272,-4.049,3.361,-1.898
1746727310.280,-4.056,3.355,-1.900
1746727310.286,-4.061,3.351,-1.901
1746727310.293,-4.068,3.345,-1.902
1746727310.297,-4.072,3.342,-1.903
1746727310.305,-4.079,3.337,-1.904
1746727310.312,-4.085,3.331,-1.906
1746727310.359,-4.128,3.296,-1.914
1746727310.367,-4.135,3.290,-1.915
1746727310.372,-4.140,3.286,-1.916
1746727310.427,-4.190,3.244,-1.926
1746727310.474,-4.232,3.209,-1.933
1746727310.515,-4.270,3.177,-1.939
1746727310.521,-4.275,3.172,-1.940
1746727310.526,-4.280,3.168,-1.941
1746727310.531,-4.284,3.164,-1.941
1746727310.537,-4.290,3.160,-1.942
1746727310.543,-4.295,3.155,-1.943
1746727310.549,-4.300,3.151,-1.944
1746727310.552,-4.303,3.149,-1.944
1746727310.557,-4.308,3.144,-1.945
1746727310.562,-4.312,3.141,-1.946
1746727310.568,-4.317,3.136,-1.947
1746727310.572,-4.321,3.133,-1.947
1746727310.578,-4.326,3.128,-1.948
1746727310.584,-4.332,3.124,-1.949
1746727310.621,-4.365,3.095,-1.954
1746727310.627,-4.370,3.090,-1.954
1746727310.667,-4.407,3.058,-1.959
1746727310.673,-4.412,3.054,-1.960
1746727310.675,-4.413,3.052,-1.960
1746727310.680,-4.418,3.048,-1.961
1746727310.686,-4.424,3.043,-1.962
1746727310.691,-4.428,3.039,-1.962
1746727310.697,-4.433,3.034,-1.963
1746727310.701,-4.437,3.031,-1.963
1746727310.707,-4.442,3.027,-1.964
1746727310.710,-4.445,3.024,-1.964
1746727310.717,-4.451,3.019,-1.965
1746727310.721,-4.455,3.015,-1.966
1746727310.727,-4.460,3.011,-1.966
1746727310.734,-4.466,3.005,-1.967
1746727310.740,-4.472,3.000,-1.968
1746727310.747,-4.479,2.994,-1.969
1746727310.755,-4.485,2.988,-1.969
1746727310.762,-4.491,2.983,-1.970
1746727310.770,-4.498,2.977,-1.971
1746727310.774,-4.502,2.973,-1.971
1746727310.781,-4.509,2.967,-1.972
1746727310.785,-4.512,2.964,-1.972
1746727310.793,-4.519,2.958,-1.973
1746727310.797,-4.523,2.955,-1.974
1746727310.804,-4.529,2.949,-1.974
1746727310.811,-4.535,2.943,-1.975
1746727310.818,-4.542,2.937,-1.976
1746727310.864,-4.582,2.900,-1.980
1746727310.929,-4.640,2.847,-1.985
1746727310.936,-4.646,2.841,-1.985
1746727310.941,-4.651,2.837,-1.986
1746727310.982,-4.687,2.803,-1.988
1746727310.989,-4.693,2.798,-1.989
1746727311.036,-4.735,2.758,-1.992
1746727311.085,-4.777,2.718,-1.994
1746727311.093,-4.785,2.710,-1.995
1746727311.097,-4.789,2.707,-1.995
1746727311.103,-4.794,2.702,-1.995
1746727311.109,-4.799,2.697,-1.995
1746727311.116,-4.805,2.691,-1.995
1746727311.120,-4.808,2.688,-1.996
1746727311.126,-4.814,2.683,-1.996
1746727311.132,-4.819,2.678,-1.996
1746727311.139,-4.825,2.672,-1.996
1746727311.142,-4.828,2.669,-1.996
1746727311.149,-4.834,2.663,-1.997
1746727311.155,-4.839,2.658,-1.997
1746727311.162,-4.845,2.652,-1.997
1746727311.166,-4.849,2.649,-1.997
1746727311.174,-4.856,2.642,-1.998
1746727311.178,-4.859,2.639,-1.998
1746727311.185,-4.866,2.633,-1.998
1746727311.190,-4.869,2.629,-1.998
1746727311.195,-4.874,2.624,-1.998
1746727311.200,-4.879,2.620,-1.998
1746727311.207,-4.885,2.614,-1.998
1746727311.213,-4.890,2.609,-1.999
1746727311.222,-4.897,2.602,-1.999
1746727311.269,-4.939,2.561,-2.000
1746727311.326,-4.988,2.512,-2.000
1746727311.383,-5.037,2.462,-2.000
1746727311.392,-5.045,2.455,-2.000
1746727311.448,-5.094,2.406,-1.999
1746727311.457,-5.101,2.398,-1.999
1746727311.462,-5.106,2.393,-1.999
1746727311.470,-5.113,2.386,-1.998
1746727311.479,-5.120,2.379,-1.998
1746727311.487,-5.127,2.372,-1.998
1746727311.495,-5.134,2.365,-1.998
1746727311.497,-5.136,2.362,-1.998
1746727311.505,-5.143,2.355,-1.998
1746727311.509,-5.146,2.352,-1.997
1746727311.519,-5.155,2.343,-1.997
1746727311.525,-5.160,2.338,-1.997
1746727311.532,-5.166,2.331,-1.997
1746727311.539,-5.172,2.325,-1.996
1746727311.545,-5.177,2.320,-1.996
1746727311.549,-5.180,2.317,-1.996
1746727311.556,-5.186,2.311,-1.996
1746727311.559,-5.189,2.308,-1.996
1746727311.566,-5.195,2.301,-1.995
1746727311.571,-5.199,2.297,-1.995
1746727311.578,-5.205,2.291,-1.995
1746727311.582,-5.208,2.287,-1.995
1746727311.589,-5.214,2.281,-1.994
1746727311.595,-5.219,2.276,-1.994
1746727311.601,-5.224,2.271,-1.994
1746727311.605,-5.228,2.267,-1.994
1746727311.611,-5.233,2.262,-1.993
1746727311.614,-5.236,2.258,-1.993
1746727311.648,-5.265,2.228,-1.991
1746727311.654,-5.270,2.223,-1.991
1746727311.660,-5.275,2.217,-1.991
1746727311.666,-5.280,2.212,-1.990
1746727311.673,-5.286,2.206,-1.990
1746727311.707,-5.314,2.176,-1.988
1746727311.776,-5.373,2.113,-1.983
1746727311.782,-5.378,2.107,-1.982
1746727311.789,-5.384,2.101,-1.982
1746727311.793,-5.387,2.098,-1.982
1746727311.799,-5.392,2.092,-1.981
1746727311.803,-5.396,2.089,-1.981
1746727311.810,-5.401,2.083,-1.980
1746727311.815,-5.406,2.078,-1.980
1746727311.821,-5.411,2.072,-1.979
1746727311.827,-5.416,2.067,-1.979
1746727311.834,-5.422,2.060,-1.978
1746727311.840,-5.427,2.055,-1.978
1746727311.883,-5.463,2.016,-1.973
1746727311.891,-5.469,2.009,-1.973
1746727311.899,-5.476,2.001,-1.972
1746727311.903,-5.479,1.998,-1.972
1746727311.909,-5.485,1.991,-1.971
1746727311.912,-5.487,1.989,-1.971
1746727311.920,-5.494,1.982,-1.970
1746727311.924,-5.497,1.978,-1.969
1746727311.931,-5.503,1.971,-1.969
1746727311.937,-5.508,1.966,-1.968
1746727311.945,-5.515,1.958,-1.967
1746727311.953,-5.521,1.952,-1.966
1746727311.960,-5.528,1.945,-1.965
1746727311.968,-5.534,1.937,-1.965
1746727311.974,-5.539,1.932,-1.964
1746727311.982,-5.545,1.925,-1.963
1746727312.025,-5.581,1.885,-1.958
1746727312.033,-5.588,1.877,-1.957
1746727312.038,-5.592,1.873,-1.956
1746727312.047,-5.599,1.865,-1.955
1746727312.054,-5.606,1.858,-1.954
1746727312.060,-5.610,1.852,-1.953
1746727312.067,-5.616,1.846,-1.953
1746727312.071,-5.620,1.842,-1.952
1746727312.078,-5.625,1.835,-1.951
1746727312.120,-5.660,1.796,-1.945
1746727312.162,-5.694,1.758,-1.939
1746727312.205,-5.730,1.717,-1.933
1746727312.248,-5.765,1.676,-1.926
1746727312.288,-5.798,1.639,-1.920
1746727312.295,-5.803,1.632,-1.918
1746727312.302,-5.809,1.626,-1.917
1746727312.305,-5.811,1.623,-1.917
1746727312.311,-5.817,1.617,-1.916
1746727312.315,-5.820,1.613,-1.915
1746727312.323,-5.826,1.606,-1.914
1746727312.329,-5.831,1.601,-1.913
1746727312.335,-5.836,1.594,-1.911
1746727312.340,-5.840,1.589,-1.911
1746727312.347,-5.846,1.583,-1.909
1746727312.353,-5.850,1.578,-1.908
1746727312.360,-5.856,1.571,-1.907
1746727312.364,-5.859,1.567,-1.906
1746727312.371,-5.865,1.560,-1.905
1746727312.375,-5.868,1.557,-1.904
1746727312.379,-5.872,1.552,-1.903
1746727312.386,-5.877,1.546,-1.902
1746727312.392,-5.882,1.540,-1.901
1746727312.399,-5.887,1.534,-1.900
1746727312.402,-5.890,1.531,-1.899
1746727312.409,-5.895,1.525,-1.898
1746727312.412,-5.898,1.521,-1.897
1746727312.419,-5.904,1.515,-1.896
1746727312.424,-5.908,1.510,-1.895
1746727312.431,-5.913,1.503,-1.894
1746727312.436,-5.917,1.499,-1.893
1746727312.442,-5.923,1.492,-1.892
1746727312.447,-5.927,1.487,-1.891
1746727312.455,-5.932,1.481,-1.889
1746727312.460,-5.937,1.475,-1.888
1746727312.468,-5.943,1.468,-1.887
1746727312.473,-5.948,1.463,-1.885
1746727312.481,-5.954,1.455,-1.884
1746727312.523,-5.987,1.416,-1.875
1746727312.558,-6.016,1.381,-1.868
1746727312.564,-6.020,1.375,-1.867
1746727312.568,-6.024,1.371,-1.866
1746727312.574,-6.028,1.366,-1.864
1746727312.578,-6.031,1.363,-1.864
1746727312.583,-6.036,1.357,-1.862
1746727312.589,-6.040,1.352,-1.861
1746727312.595,-6.045,1.346,-1.860
1746727312.601,-6.049,1.340,-1.859
1746727312.602,-6.051,1.339,-1.858
1746727312.608,-6.055,1.333,-1.857
1746727312.614,-6.060,1.327,-1.856
1746727312.621,-6.066,1.321,-1.854
1746727312.627,-6.071,1.315,-1.853
1746727312.633,-6.075,1.309,-1.851
1746727312.640,-6.080,1.303,-1.850
1746727312.642,-6.082,1.300,-1.849
1746727312.648,-6.087,1.294,-1.848
1746727312.654,-6.092,1.289,-1.846
1746727312.696,-6.125,1.248,-1.837
1746727312.759,-6.175,1.187,-1.821
1746727312.766,-6.180,1.181,-1.820
1746727312.771,-6.184,1.176,-1.818
1746727312.777,-6.188,1.170,-1.817
1746727312.782,-6.193,1.165,-1.816
1746727312.788,-6.198,1.159,-1.814
1746727312.794,-6.202,1.154,-1.813
1746727312.800,-6.207,1.147,-1.811
1746727312.805,-6.211,1.142,-1.810
1746727312.812,-6.217,1.135,-1.808
1746727312.816,-6.220,1.131,-1.807
1746727312.823,-6.225,1.125,-1.805
1746727312.828,-6.229,1.120,-1.804
1746727312.834,-6.234,1.114,-1.802
1746727312.840,-6.238,1.109,-1.801
1746727312.846,-6.243,1.102,-1.799
1746727312.852,-6.247,1.097,-1.798
1746727312.859,-6.253,1.090,-1.796
1746727312.864,-6.257,1.085,-1.794
1746727312.870,-6.262,1.079,-1.793
1746727312.877,-6.267,1.072,-1.791
1746727312.886,-6.274,1.064,-1.789
1746727312.894,-6.280,1.056,-1.787
1746727312.940,-6.316,1.011,-1.774
1746727312.989,-6.354,0.963,-1.760
1746727312.997,-6.360,0.955,-1.758
1746727313.001,-6.363,0.951,-1.757
1746727313.050,-6.401,0.903,-1.743
1746727313.057,-6.407,0.896,-1.740
1746727313.099,-6.439,0.854,-1.728
1746727313.106,-6.444,0.847,-1.726
1746727313.112,-6.448,0.842,-1.724
1746727313.116,-6.452,0.837,-1.723
1746727313.121,-6.456,0.832,-1.721
1746727313.128,-6.460,0.826,-1.719
1746727313.133,-6.464,0.821,-1.718
1746727313.136,-6.467,0.818,-1.717
1746727313.142,-6.471,0.812,-1.715
1746727313.145,-6.474,0.809,-1.714
1746727313.151,-6.478,0.803,-1.712
1746727313.157,-6.483,0.798,-1.710
1746727313.162,-6.487,0.792,-1.708
1746727313.168,-6.491,0.786,-1.707
1746727313.172,-6.494,0.783,-1.706
1746727313.178,-6.498,0.777,-1.704
1746727313.182,-6.502,0.772,-1.702
1746727313.188,-6.506,0.767,-1.700
1746727313.194,-6.511,0.761,-1.699
1746727313.199,-6.515,0.755,-1.697
1746727313.206,-6.520,0.749,-1.695
1746727313.208,-6.521,0.747,-1.694
1746727313.214,-6.526,0.741,-1.692
1746727313.220,-6.530,0.735,-1.690
1746727313.226,-6.535,0.729,-1.688
1746727313.231,-6.539,0.724,-1.687
1746727313.238,-6.544,0.717,-1.684
1746727313.243,-6.548,0.712,-1.683
1746727313.250,-6.554,0.705,-1.680
1746727313.256,-6.558,0.699,-1.678
1746727313.264,-6.564,0.692,-1.676
1746727313.268,-6.567,0.688,-1.675
1746727313.274,-6.572,0.681,-1.673
1746727313.279,-6.575,0.676,-1.671
1746727313.321,-6.607,0.635,-1.657
1746727313.328,-6.612,0.628,-1.655
1746727313.337,-6.619,0.619,-1.652
1746727313.389,-6.658,0.567,-1.634
1746727313.440,-6.696,0.516,-1.616
1746727313.491,-6.733,0.466,-1.598
1746727313.534,-6.765,0.423,-1.582
1746727313.541,-6.771,0.416,-1.579
1746727313.546,-6.774,0.411,-1.578
1746727313.553,-6.779,0.405,-1.575
1746727313.557,-6.782,0.401,-1.574
1746727313.563,-6.787,0.394,-1.571
1746727313.567,-6.789,0.391,-1.570
1746727313.573,-6.794,0.384,-1.568
1746727313.578,-6.797,0.380,-1.566
1746727313.586,-6.804,0.371,-1.563
1746727313.591,-6.807,0.366,-1.561
1746727313.598,-6.812,0.359,-1.558
1746727313.603,-6.816,0.355,-1.557
1746727313.622,-6.830,0.336,-1.549
1746727313.628,-6.834,0.330,-1.547
1746727313.636,-6.840,0.322,-1.544
1746727313.643,-6.845,0.314,-1.541
1746727313.683,-6.874,0.275,-1.526
1746727313.689,-6.879,0.268,-1.523
1746727313.694,-6.882,0.263,-1.521
1746727313.699,-6.886,0.259,-1.520
1746727313.705,-6.890,0.252,-1.517
1746727313.712,-6.895,0.246,-1.515
1746727313.719,-6.900,0.239,-1.512
1746727313.725,-6.905,0.233,-1.509
1746727313.731,-6.909,0.227,-1.507
1746727313.737,-6.913,0.221,-1.505
1746727313.770,-6.937,0.188,-1.492
1746727313.776,-6.941,0.182,-1.489
1746727313.780,-6.945,0.177,-1.487
1746727313.787,-6.949,0.171,-1.485
1746727313.791,-6.952,0.167,-1.483
1746727313.836,-6.985,0.121,-1.465
1746727313.885,-7.019,0.073,-1.445
1746727313.891,-7.024,0.067,-1.442
1746727313.896,-7.027,0.061,-1.440
1746727313.903,-7.032,0.054,-1.437
1746727313.911,-7.038,0.046,-1.434
1746727313.951,-7.066,0.007,-1.417
1746727313.957,-7.071,0.000,-1.414
1746727313.965,-7.076,-0.007,-1.411
1746727313.970,-7.080,-0.012,-1.409
1746727313.977,-7.085,-0.020,-1.406
1746727313.982,-7.088,-0.024,-1.404
1746727313.989,-7.093,-0.032,-1.401
1746727313.993,-7.096,-0.036,-1.399
1746727314.001,-7.101,-0.043,-1.396
1746727314.006,-7.105,-0.048,-1.394
1746727314.012,-7.110,-0.055,-1.391
1746727314.018,-7.113,-0.060,-1.389
1746727314.025,-7.119,-0.068,-1.385
1746727314.033,-7.124,-0.075,-1.382
1746727314.041,-7.129,-0.083,-1.379
1746727314.049,-7.135,-0.091,-1.375
1746727314.102,-7.172,-0.144,-1.352
1746727314.111,-7.179,-0.153,-1.348
1746727314.118,-7.183,-0.160,-1.345
1746727314.124,-7.187,-0.166,-1.342
1746727314.126,-7.189,-0.169,-1.341
1746727314.135,-7.195,-0.177,-1.337
1746727314.139,-7.198,-0.181,-1.335
1746727314.147,-7.203,-0.189,-1.332
1746727314.151,-7.207,-0.194,-1.330
1746727314.160,-7.212,-0.202,-1.326
1746727314.163,-7.214,-0.205,-1.325
1746727314.170,-7.220,-0.212,-1.321
1746727314.178,-7.225,-0.220,-1.318
1746727314.187,-7.232,-0.230,-1.314
1746727314.239,-7.267,-0.281,-1.290
1746727314.341,-7.337,-0.383,-1.243
1746727314.350,-7.343,-0.391,-1.239
1746727314.358,-7.349,-0.400,-1.234
1746727314.362,-7.351,-0.404,-1.233
1746727314.370,-7.357,-0.412,-1.229
1746727314.374,-7.359,-0.416,-1.227
1746727314.382,-7.365,-0.424,-1.223
1746727314.385,-7.367,-0.427,-1.222
1746727314.393,-7.372,-0.435,-1.218
1746727314.398,-7.375,-0.439,-1.216
1746727314.407,-7.381,-0.448,-1.211
1746727314.457,-7.415,-0.499,-1.187
1746727314.466,-7.421,-0.508,-1.183
1746727314.471,-7.424,-0.512,-1.181
1746727314.477,-7.429,-0.519,-1.177
1746727314.482,-7.432,-0.524,-1.175
1746727314.492,-7.439,-0.533,-1.170
1746727314.499,-7.443,-0.540,-1.167
1746727314.508,-7.449,-0.549,-1.163
1746727314.516,-7.454,-0.557,-1.159
1746727314.521,-7.458,-0.562,-1.156
1746727314.528,-7.463,-0.569,-1.153
1746727314.534,-7.466,-0.575,-1.150
1746727314.540,-7.471,-0.581,-1.147
1746727314.544,-7.473,-0.585,-1.145
1746727314.551,-7.478,-0.591,-1.142
1746727314.556,-7.481,-0.597,-1.139
1746727314.594,-7.506,-0.634,-1.120
1746727314.630,-7.530,-0.670,-1.102
1746727314.636,-7.534,-0.676,-1.099
1746727314.640,-7.537,-0.681,-1.097
1746727314.647,-7.541,-0.687,-1.094
1746727314.650,-7.543,-0.690,-1.092
1746727314.657,-7.548,-0.697,-1.089
1746727314.661,-7.551,-0.701,-1.087
1746727314.668,-7.555,-0.708,-1.083
1746727314.704,-7.579,-0.744,-1.065
1746727314.736,-7.600,-0.776,-1.048
1746727314.768,-7.620,-0.807,-1.032
1746727314.774,-7.624,-0.813,-1.029
1746727314.779,-7.627,-0.817,-1.027
1746727314.783,-7.630,-0.822,-1.024
1746727314.788,-7.633,-0.827,-1.022
1746727314.792,-7.636,-0.831,-1.020
1746727314.800,-7.641,-0.838,-1.016
1746727314.805,-7.644,-0.843,-1.013
1746727314.812,-7.648,-0.850,-1.010
1746727314.821,-7.654,-0.859,-1.005
1746727314.827,-7.659,-0.865,-1.002
1746727314.835,-7.663,-0.872,-0.998
1746727314.839,-7.666,-0.877,-0.995
1746727314.849,-7.672,-0.886,-0.990
1746727314.852,-7.674,-0.890,-0.989
1746727314.858,-7.678,-0.896,-0.985
1746727314.862,-7.681,-0.899,-0.984
1746727314.868,-7.684,-0.905,-0.981
1746727314.873,-7.688,-0.911,-0.978
1746727314.879,-7.692,-0.916,-0.975
1746727314.885,-7.695,-0.922,-0.972
1746727314.888,-7.698,-0.925,-0.970
1746727314.894,-7.701,-0.931,-0.967
1746727314.899,-7.704,-0.936,-0.964
1746727314.905,-7.708,-0.941,-0.961
1746727314.911,-7.712,-0.947,-0.958
1746727314.916,-7.715,-0.953,-0.955
1746727314.922,-7.719,-0.958,-0.952
1746727314.926,-7.721,-0.962,-0.950
1746727314.931,-7.725,-0.967,-0.947
1746727314.936,-7.728,-0.972,-0.944
1746727314.943,-7.732,-0.979,-0.941
1746727314.949,-7.736,-0.984,-0.938
1746727314.990,-7.762,-1.025,-0.916
1746727314.997,-7.766,-1.032,-0.912
1746727315.042,-7.795,-1.076,-0.888
1746727315.087,-7.823,-1.120,-0.864
1746727315.128,-7.849,-1.160,-0.841
1746727315.135,-7.853,-1.167,-0.838
1746727315.141,-7.856,-1.172,-0.835
1746727315.145,-7.859,-1.176,-0.832
1746727315.152,-7.863,-1.183,-0.828
1746727315.160,-7.868,-1.191,-0.824
1746727315.166,-7.872,-1.196,-0.821
1746727315.174,-7.877,-1.204,-0.817
1746727315.222,-7.906,-1.251,-0.790
1746727315.229,-7.911,-1.258,-0.786
1746727315.235,-7.914,-1.263,-0.783
1746727315.241,-7.918,-1.269,-0.780
1746727315.248,-7.922,-1.276,-0.776
1746727315.255,-7.927,-1.283,-0.772
1746727315.262,-7.931,-1.290,-0.768
1746727315.269,-7.935,-1.297,-0.764
1746727315.276,-7.939,-1.303,-0.760
1746727315.284,-7.944,-1.310,-0.756
1746727315.290,-7.948,-1.317,-0.752
1746727315.298,-7.952,-1.324,-0.748
1746727315.305,-7.957,-1.331,-0.744
1746727315.345,-7.981,-1.369,-0.722
1746727315.352,-7.985,-1.376,-0.718
1746727315.359,-7.989,-1.383,-0.714
1746727315.364,-7.992,-1.387,-0.711
1746727315.371,-7.997,-1.394,-0.707
1746727315.375,-7.999,-1.398,-0.705
1746727315.382,-8.003,-1.405,-0.701
1746727315.385,-8.005,-1.408,-0.699
1746727315.392,-8.009,-1.415,-0.695
1746727315.397,-8.012,-1.419,-0.693
1746727315.403,-8.016,-1.425,-0.689
1746727315.408,-8.019,-1.430,-0.687
1746727315.413,-8.022,-1.435,-0.684
1746727315.455,-8.046,-1.475,-0.660
1746727315.496,-8.071,-1.514,-0.637
1746727315.535,-8.094,-1.552,-0.614
1746727315.542,-8.098,-1.558,-0.610
1746727315.546,-8.101,-1.562,-0.608
1746727315.551,-8.103,-1.567,-0.605
1746727315.557,-8.107,-1.572,-0.602
1746727315.559,-8.108,-1.574,-0.601
1746727315.565,-8.111,-1.580,-0.597
1746727315.569,-8.114,-1.584,-0.595
1746727315.574,-8.117,-1.588,-0.592
1746727315.607,-8.136,-1.620,-0.573
1746727315.613,-8.139,-1.625,-0.570
1746727315.617,-8.142,-1.629,-0.567
1746727315.622,-8.145,-1.634,-0.564
1746727315.628,-8.148,-1.640,-0.561
1746727315.631,-8.150,-1.642,-0.559
1746727315.638,-8.154,-1.649,-0.555
1746727315.643,-8.157,-1.654,-0.552
1746727315.650,-8.161,-1.660,-0.548
1746727315.655,-8.164,-1.665,-0.545
1746727315.662,-8.168,-1.671,-0.542
1746727315.667,-8.171,-1.676,-0.538
1746727315.675,-8.175,-1.684,-0.534
1746727315.680,-8.178,-1.688,-0.531
1746727315.687,-8.182,-1.695,-0.527
1746727315.691,-8.184,-1.699,-0.525
1746727315.698,-8.189,-1.705,-0.521
1746727315.704,-8.192,-1.711,-0.517
1746727315.710,-8.196,-1.717,-0.513
1746727315.743,-8.214,-1.747,-0.495
1746727315.750,-8.219,-1.755,-0.490
1746727315.755,-8.221,-1.759,-0.487
1746727315.762,-8.225,-1.765,-0.483
1746727315.764,-8.226,-1.767,-0.482
1746727315.773,-8.232,-1.776,-0.477
1746727315.779,-8.235,-1.781,-0.473
1746727315.787,-8.240,-1.789,-0.469
1746727315.792,-8.242,-1.793,-0.466
1746727315.798,-8.246,-1.799,-0.462
1746727315.801,-8.248,-1.802,-0.460
1746727315.808,-8.251,-1.808,-0.457
1746727315.814,-8.255,-1.814,-0.453
1746727315.821,-8.259,-1.821,-0.449
1746727315.826,-8.261,-1.825,-0.446
1746727315.833,-8.265,-1.832,-0.442
1746727315.837,-8.268,-1.835,-0.440
1746727315.844,-8.272,-1.842,-0.435
1746727315.849,-8.274,-1.846,-0.433
1746727315.857,-8.279,-1.854,-0.428
1746727315.903,-8.305,-1.897,-0.401
1746727315.950,-8.330,-1.940,-0.373
1746727316.001,-8.359,-1.987,-0.343
1746727316.009,-8.363,-1.995,-0.338
1746727316.015,-8.366,-2.000,-0.335
1746727316.023,-8.371,-2.007,-0.330
1746727316.074,-8.399,-2.054,-0.300
1746727316.122,-8.425,-2.097,-0.271
1746727316.130,-8.429,-2.105,-0.266
1746727316.135,-8.432,-2.110,-0.263
1746727316.144,-8.436,-2.117,-0.258
1746727316.152,-8.441,-2.125,-0.253
1746727316.157,-8.443,-2.129,-0.251
1746727316.165,-8.448,-2.136,-0.246
1746727316.173,-8.452,-2.144,-0.241
1746727316.182,-8.457,-2.151,-0.236
1746727316.190,-8.461,-2.159,-0.231
1746727316.197,-8.465,-2.165,-0.227
1746727316.205,-8.469,-2.172,-0.222
1746727316.210,-8.472,-2.177,-0.219
1746727316.218,-8.476,-2.184,-0.214
1746727316.227,-8.481,-2.192,-0.209
1746727316.233,-8.484,-2.197,-0.205
1746727316.239,-8.487,-2.203,-0.202
1746727316.248,-8.492,-2.211,-0.196
1746727316.256,-8.496,-2.218,-0.192
1746727316.261,-8.498,-2.222,-0.189
1746727316.270,-8.503,-2.231,-0.183
1746727316.327,-8.533,-2.282,-0.149
1746727316.380,-8.561,-2.329,-0.117
1746727316.439,-8.591,-2.380,-0.082
1746727316.496,-8.620,-2.431,-0.048
1746727316.544,-8.644,-2.473,-0.019
1746727316.553,-8.649,-2.480,-0.014
1746727316.557,-8.651,-2.484,-0.011
1746727316.564,-8.655,-2.490,-0.007
1746727316.568,-8.656,-2.493,-0.005
1746727316.576,-8.660,-2.500,0.000
1746727316.581,-8.663,-2.504,0.003
1746727316.588,-8.666,-2.511,0.007
1746727316.590,-8.667,-2.512,0.009
1746727316.597,-8.671,-2.518,0.013
1746727316.601,-8.673,-2.522,0.015
1746727316.606,-8.675,-2.526,0.018
1746727316.612,-8.678,-2.531,0.022
1746727316.618,-8.681,-2.537,0.025
1746727316.625,-8.685,-2.542,0.029
1746727316.631,-8.688,-2.547,0.033
1746727316.637,-8.690,-2.552,0.036
1746727316.642,-8.693,-2.558,0.040
1746727316.650,-8.697,-2.564,0.044
1746727316.654,-8.699,-2.568,0.047
1746727316.661,-8.703,-2.573,0.051
1746727316.667,-8.705,-2.578,0.054
1746727316.674,-8.709,-2.584,0.059
1746727316.721,-8.732,-2.625,0.087
1746727316.852,-8.795,-2.736,0.166
1746727316.920,-8.827,-2.792,0.206
1746727316.928,-8.831,-2.799,0.211
1746727316.934,-8.834,-2.804,0.215
1746727316.939,-8.836,-2.808,0.217
1746727316.946,-8.839,-2.813,0.222
1746727316.954,-8.843,-2.820,0.226
1746727316.960,-8.846,-2.825,0.230
1746727316.967,-8.849,-2.831,0.234
1746727316.971,-8.851,-2.835,0.237
1746727316.981,-8.856,-2.842,0.242
1746727317.028,-8.878,-2.881,0.271
1746727317.079,-8.901,-2.922,0.301
1746727317.130,-8.924,-2.964,0.331
1746727317.188,-8.950,-3.010,0.365
1746727317.242,-8.974,-3.054,0.397
1746727317.251,-8.978,-3.060,0.402
1746727317.255,-8.980,-3.063,0.405
1746727317.264,-8.983,-3.070,0.410
1746727317.273,-8.987,-3.077,0.415
1746727317.278,-8.990,-3.081,0.418
1746727317.289,-8.995,-3.091,0.425
1746727317.577,-9.117,-3.311,0.592
1746727317.659,-9.150,-3.372,0.638
1746727317.731,-9.179,-3.425,0.679
1746727317.793,-9.203,-3.470,0.714
1746727317.830,-9.218,-3.497,0.735
1746727317.836,-9.220,-3.501,0.738
1746727317.844,-9.223,-3.507,0.743
1746727317.856,-9.228,-3.515,0.749
1746727317.863,-9.231,-3.520,0.753
1746727317.869,-9.233,-3.524,0.756
1746727317.875,-9.235,-3.529,0.760
1746727317.878,-9.236,-3.531,0.762
1746727317.884,-9.239,-3.535,0.765
1746727317.888,-9.240,-3.538,0.767
1746727317.894,-9.242,-3.542,0.770
1746727317.900,-9.245,-3.546,0.774
1746727317.907,-9.247,-3.551,0.777
1746727317.913,-9.249,-3.555,0.781
1746727317.920,-9.252,-3.561,0.785
1746727317.926,-9.255,-3.565,0.788
1746727317.942,-9.261,-3.576,0.797
1746727317.993,-9.280,-3.611,0.825
1746727318.068,-9.307,-3.663,0.866
1746727318.126,-9.328,-3.702,0.897
1746727318.171,-9.345,-3.732,0.921
1746727318.181,-9.348,-3.739,0.926
1746727318.189,-9.351,-3.744,0.931
1746727318.200,-9.355,-3.751,0.936
1746727318.205,-9.357,-3.754,0.939
1746727318.212,-9.359,-3.759,0.943
1746727318.219,-9.361,-3.764,0.946
1746727318.227,-9.364,-3.769,0.951
1746727318.232,-9.366,-3.773,0.953
1746727318.237,-9.368,-3.776,0.956
1746727318.243,-9.370,-3.779,0.959
1746727318.249,-9.372,-3.784,0.963
1746727318.256,-9.374,-3.788,0.966
1746727318.265,-9.377,-3.794,0.971
1746727318.269,-9.379,-3.797,0.973
1746727318.278,-9.382,-3.802,0.978
1746727318.325,-9.398,-3.833,1.002
1746727318.333,-9.401,-3.838,1.006
1746727318.340,-9.403,-3.843,1.010
1746727318.400,-9.423,-3.880,1.041
1746727318.456,-9.442,-3.915,1.069
1746727318.464,-9.445,-3.920,1.073
1746727318.472,-9.447,-3.925,1.077
1746727318.483,-9.451,-3.932,1.083
1746727318.492,-9.454,-3.938,1.088
1746727318.554,-9.474,-3.975,1.118
1746727318.563,-9.477,-3.981,1.123
1746727318.569,-9.479,-3.985,1.126
1746727318.578,-9.482,-3.990,1.130
1746727318.583,-9.483,-3.993,1.133
1746727318.591,-9.486,-3.998,1.137
1746727318.605,-9.490,-4.006,1.144
1746727318.610,-9.492,-4.010,1.146
1746727318.618,-9.494,-4.014,1.150
1746727318.620,-9.495,-4.016,1.151
1746727318.630,-9.498,-4.021,1.156
1746727318.659,-9.507,-4.038,1.170
1746727318.670,-9.510,-4.045,1.175
1746727318.678,-9.513,-4.050,1.180
1746727318.686,-9.516,-4.055,1.184
1746727318.693,-9.518,-4.059,1.187
1746727318.698,-9.519,-4.061,1.189
1746727318.704,-9.521,-4.065,1.192
1746727318.710,-9.523,-4.068,1.195
1746727318.713,-9.524,-4.070,1.196
1746727318.721,-9.526,-4.075,1.200
1746727318.728,-9.528,-4.079,1.203
1746727318.735,-9.530,-4.083,1.207
1746727318.765,-9.539,-4.100,1.221
1746727318.827,-9.558,-4.135,1.250
1746727319.130,-9.643,-4.298,1.387
1746727320.201,-9.871,-4.743,1.771
1746727321.347,-9.989,-4.978,1.981
1746727322.366,-9.985,-4.969,1.972
1746727322.919,-9.939,-4.878,1.891
1746727323.107,-9.916,-4.833,1.851
1746727323.221,-9.901,-4.803,1.824
1746727323.330,-9.885,-4.771,1.796
1746727323.378,-9.878,-4.757,1.783
1746727323.387,-9.876,-4.754,1.781
1746727323.396,-9.875,-4.751,1.778
1746727323.404,-9.874,-4.749,1.776
1746727323.414,-9.872,-4.746,1.773
1746727323.478,-9.861,-4.725,1.755
1746727323.572,-9.845,-4.693,1.727
1746727323.579,-9.844,-4.691,1.725
1746727323.581,-9.844,-4.690,1.725
1746727323.588,-9.843,-4.688,1.723
1746727323.593,-9.842,-4.686,1.721
1746727323.599,-9.841,-4.684,1.719
1746727323.604,-9.840,-4.682,1.718
1746727323.611,-9.839,-4.680,1.716
1746727323.617,-9.838,-4.678,1.714
1746727323.623,-9.836,-4.675,1.712
1746727323.627,-9.836,-4.674,1.711
1746727323.632,-9.835,-4.672,1.709
1746727323.681,-9.826,-4.655,1.694
1746727323.688,-9.824,-4.652,1.691
1746727323.696,-9.823,-4.649,1.689
1746727323.701,-9.822,-4.647,1.687
1746727323.711,-9.820,-4.644,1.684
1746727323.718,-9.819,-4.641,1.682
1746727323.722,-9.818,-4.639,1.680
1746727323.768,-9.809,-4.622,1.665
1746727323.824,-9.798,-4.600,1.646
1746727323.872,-9.789,-4.582,1.630
1746727323.909,-9.781,-4.566,1.617
1746727323.915,-9.780,-4.564,1.615
1746727323.922,-9.778,-4.561,1.612
1746727323.927,-9.777,-4.559,1.611
1746727323.937,-9.775,-4.555,1.607
1746727323.993,-9.763,-4.532,1.587
1746727324.001,-9.761,-4.528,1.584
1746727324.007,-9.760,-4.526,1.582
1746727324.014,-9.759,-4.523,1.579
1746727324.018,-9.758,-4.521,1.578
1746727324.029,-9.755,-4.516,1.574
1746727324.036,-9.754,-4.513,1.571
1746727324.087,-9.742,-4.491,1.552
1746727324.138,-9.731,-4.469,1.532
1746727324.147,-9.729,-4.464,1.529
1746727324.153,-9.727,-4.462,1.527
1746727324.160,-9.726,-4.459,1.524
1746727324.169,-9.723,-4.454,1.520
1746727324.179,-9.721,-4.450,1.517
1746727324.187,-9.719,-4.447,1.514
1746727324.200,-9.716,-4.440,1.508
1746727324.204,-9.715,-4.438,1.507
1746727324.213,-9.713,-4.434,1.503
1746727324.221,-9.711,-4.431,1.500
1746727324.234,-9.708,-4.424,1.495
1746727324.285,-9.696,-4.401,1.474
1746727324.293,-9.694,-4.397,1.471
1746727324.300,-9.692,-4.394,1.468
1746727324.308,-9.690,-4.390,1.465
1746727324.316,-9.688,-4.386,1.462
1746727324.370,-9.674,-4.360,1.439
1746727324.423,-9.661,-4.333,1.417
1746727324.473,-9.648,-4.308,1.396
1746727324.488,-9.644,-4.300,1.389
1746727324.494,-9.642,-4.297,1.387
1746727324.502,-9.640,-4.294,1.383
1746727324.509,-9.638,-4.290,1.380
1746727324.516,-9.637,-4.286,1.377
1746727324.523,-9.635,-4.283,1.374
1746727324.528,-9.633,-4.280,1.372
1746727324.536,-9.631,-4.276,1.368
1746727324.540,-9.630,-4.274,1.367
1746727324.546,-9.628,-4.271,1.364
1746727324.551,-9.627,-4.268,1.362
1746727324.557,-9.625,-4.265,1.359
1746727324.562,-9.624,-4.262,1.357
1746727324.568,-9.622,-4.259,1.354
1746727324.574,-9.621,-4.256,1.351
1746727324.580,-9.619,-4.253,1.349
1746727324.585,-9.618,-4.250,1.347
1746727324.590,-9.617,-4.248,1.345
1746727324.596,-9.615,-4.244,1.342
1746727324.601,-9.614,-4.242,1.340
1746727324.607,-9.612,-4.239,1.337
1746727324.611,-9.611,-4.237,1.335
1746727324.617,-9.609,-4.234,1.333
1746727324.620,-9.608,-4.232,1.331
1746727324.627,-9.606,-4.228,1.328
1746727324.632,-9.605,-4.225,1.326
1746727324.638,-9.603,-4.222,1.323
1746727324.643,-9.602,-4.220,1.321
1746727324.651,-9.600,-4.215,1.317
1746727324.656,-9.598,-4.213,1.315
1746727324.663,-9.596,-4.209,1.312
1746727324.668,-9.595,-4.206,1.310
1746727324.719,-9.580,-4.178,1.286
1746727324.831,-9.548,-4.116,1.234
1746727324.881,-9.533,-4.087,1.210
1746727324.920,-9.521,-4.064,1.191
1746727324.927,-9.519,-4.061,1.188
1746727324.930,-9.518,-4.059,1.187
1746727324.936,-9.516,-4.055,1.184
1746727324.972,-9.505,-4.034,1.167
1746727324.982,-9.502,-4.028,1.162
1746727324.985,-9.501,-4.026,1.160
1746727324.990,-9.499,-4.024,1.158
1746727324.997,-9.497,-4.019,1.154
1746727325.004,-9.495,-4.015,1.151
1746727325.011,-9.493,-4.011,1.148
1746727325.018,-9.490,-4.007,1.144
1746727325.023,-9.489,-4.004,1.142
1746727325.042,-9.483,-3.992,1.132
1746727325.047,-9.481,-3.989,1.130
1746727325.055,-9.479,-3.984,1.126
1746727325.064,-9.476,-3.979,1.121
1746727325.072,-9.473,-3.974,1.117
1746727325.079,-9.471,-3.970,1.113
1746727325.135,-9.453,-3.935,1.085
1746727325.193,-9.434,-3.899,1.056
1746727325.208,-9.429,-3.890,1.049
1746727325.211,-9.428,-3.888,1.047
1746727325.223,-9.424,-3.881,1.041
1746727325.235,-9.420,-3.873,1.035
1746727325.241,-9.418,-3.869,1.032
1746727325.249,-9.415,-3.864,1.027
1746727325.287,-9.402,-3.840,1.008
1746727325.293,-9.400,-3.836,1.005
1746727325.299,-9.398,-3.832,1.002
1746727325.337,-9.385,-3.808,0.982
1746727325.385,-9.368,-3.776,0.957
1746727325.394,-9.365,-3.770,0.952
1746727325.400,-9.363,-3.766,0.949
1746727325.407,-9.361,-3.762,0.945
1746727325.411,-9.359,-3.760,0.943
1746727325.421,-9.356,-3.753,0.938
1746727325.428,-9.353,-3.748,0.934
1746727325.433,-9.351,-3.745,0.931
1746727325.440,-9.349,-3.740,0.928
1746727325.444,-9.348,-3.738,0.926
1746727325.454,-9.344,-3.731,0.920
1746727325.462,-9.341,-3.726,0.916
1746727325.469,-9.339,-3.721,0.912
1746727325.480,-9.335,-3.714,0.906
1746727325.486,-9.333,-3.710,0.903
1746727325.495,-9.329,-3.704,0.898
1746727325.545,-9.311,-3.670,0.871
1746727325.553,-9.308,-3.664,0.867
1746727325.558,-9.307,-3.661,0.865
1746727325.598,-9.292,-3.634,0.843
1746727325.640,-9.276,-3.604,0.820
1746727325.648,-9.273,-3.599,0.815
1746727325.652,-9.272,-3.596,0.813
1746727325.667,-9.266,-3.586,0.805
1746727325.975,-9.146,-3.364,0.632
1746727326.151,-9.073,-3.232,0.532
1746727326.282,-9.017,-3.131,0.455
1746727326.295,-9.012,-3.121,0.448
1746727326.299,-9.010,-3.118,0.446
1746727326.304,-9.008,-3.114,0.442
1746727326.316,-9.003,-3.105,0.436
1746727326.326,-8.998,-3.097,0.430
1746727326.335,-8.994,-3.090,0.424
1746727326.405,-8.964,-3.035,0.383
1746727326.521,-8.911,-2.941,0.315
1746727326.602,-8.875,-2.876,0.267
1746727326.640,-8.857,-2.845,0.244
1746727326.646,-8.854,-2.840,0.241
1746727326.652,-8.851,-2.835,0.237
1746727326.655,-8.850,-2.832,0.235
1746727326.662,-8.847,-2.826,0.231
1746727326.667,-8.844,-2.822,0.228
1746727326.675,-8.840,-2.815,0.223
1746727326.682,-8.837,-2.810,0.219
1746727326.697,-8.830,-2.798,0.210
1746727326.716,-8.821,-2.782,0.199
1746727326.723,-8.818,-2.776,0.195
1746727326.727,-8.816,-2.772,0.192
1746727326.740,-8.810,-2.762,0.184
1746727326.752,-8.804,-2.752,0.177
1746727326.799,-8.782,-2.713,0.149
1746727326.852,-8.756,-2.667,0.117
1746727326.904,-8.731,-2.623,0.086
1746727326.912,-8.727,-2.616,0.081
1746727326.917,-8.725,-2.612,0.078
1746727326.962,-8.703,-2.574,0.051
1746727326.969,-8.699,-2.568,0.047
1746727326.974,-8.697,-2.564,0.044
1746727326.979,-8.694,-2.559,0.041
1746727326.986,-8.691,-2.553,0.037
1746727326.992,-8.688,-2.548,0.034
1746727326.998,-8.685,-2.543,0.030
1746727327.001,-8.683,-2.540,0.028
1746727327.008,-8.680,-2.534,0.024
1746727327.013,-8.677,-2.530,0.021
1746727327.022,-8.673,-2.522,0.015
1746727327.029,-8.670,-2.517,0.011
1746727327.037,-8.666,-2.510,0.007
1746727327.044,-8.662,-2.503,0.002
1746727327.058,-8.655,-2.491,-0.006
1746727327.066,-8.651,-2.484,-0.011
1746727327.074,-8.647,-2.477,-0.016
1746727327.082,-8.643,-2.470,-0.021
1746727327.087,-8.641,-2.466,-0.024
1746727327.097,-8.635,-2.457,-0.030
1746727327.147,-8.610,-2.413,-0.060
1746727327.153,-8.607,-2.408,-0.063
1746727327.160,-8.604,-2.402,-0.067
1746727327.255,-8.555,-2.319,-0.124
1746727327.264,-8.550,-2.311,-0.130
1746727327.275,-8.544,-2.301,-0.136
1746727327.284,-8.540,-2.293,-0.142
1746727327.340,-8.510,-2.243,-0.175
1746727327.528,-8.410,-2.073,-0.287
1746727327.602,-8.370,-2.006,-0.331
1746727327.762,-8.281,-1.858,-0.425
1746727328.001,-8.145,-1.634,-0.564
1746727328.061,-8.110,-1.577,-0.599
1746727328.145,-8.060,-1.497,-0.647
1746727328.153,-8.056,-1.490,-0.651
1746727328.163,-8.050,-1.480,-0.657
1746727328.168,-8.047,-1.475,-0.660
1746727328.216,-8.018,-1.429,-0.687
1746727328.225,-8.013,-1.421,-0.692
1746727328.260,-7.992,-1.387,-0.711
1746727328.266,-7.988,-1.381,-0.715
1746727328.301,-7.968,-1.348,-0.734
1746727328.307,-7.964,-1.342,-0.738
1746727328.313,-7.960,-1.337,-0.741
1746727328.316,-7.958,-1.333,-0.743
1746727328.322,-7.954,-1.327,-0.746
1746727328.328,-7.951,-1.321,-0.750
1746727328.335,-7.947,-1.315,-0.753
1746727328.345,-7.941,-1.305,-0.759
1746727328.354,-7.935,-1.297,-0.764
1746727328.362,-7.930,-1.289,-0.769
1746727328.370,-7.926,-1.282,-0.773
1746727328.378,-7.921,-1.274,-0.777
1746727328.381,-7.919,-1.271,-0.779
1746727328.388,-7.914,-1.264,-0.783
1746727328.392,-7.912,-1.260,-0.785
1746727328.400,-7.907,-1.252,-0.790
1746727328.406,-7.903,-1.246,-0.793
1746727328.416,-7.897,-1.237,-0.798
1746727328.475,-7.861,-1.180,-0.830
1746727328.483,-7.856,-1.172,-0.835
1746727328.489,-7.852,-1.166,-0.838
1746727328.494,-7.849,-1.161,-0.841
1746727328.503,-7.843,-1.152,-0.846
1746727328.560,-7.808,-1.096,-0.877
1746727328.575,-7.799,-1.082,-0.885
1746727328.602,-7.782,-1.055,-0.899
1746727328.679,-7.734,-0.981,-0.940
1746727328.839,-7.631,-0.823,-1.024
1746727328.848,-7.625,-0.814,-1.029
1746727328.859,-7.618,-0.803,-1.034
1746727328.926,-7.574,-0.737,-1.068
1746727328.994,-7.530,-0.670,-1.102
1746727329.102,-7.458,-0.563,-1.156
1746727329.165,-7.416,-0.500,-1.187
1746727329.175,-7.409,-0.490,-1.192
1746727329.182,-7.405,-0.483,-1.195
1746727329.187,-7.401,-0.478,-1.197
1746727329.205,-7.389,-0.460,-1.206
1746727329.214,-7.383,-0.451,-1.210
1746727329.221,-7.379,-0.444,-1.213
1746727329.230,-7.372,-0.435,-1.218
1746727329.236,-7.369,-0.429,-1.221
1746727329.245,-7.362,-0.421,-1.225
1746727329.252,-7.358,-0.414,-1.228
1746727329.259,-7.353,-0.406,-1.232
1746727329.268,-7.347,-0.397,-1.236
1746727329.279,-7.339,-0.387,-1.241
1746727329.365,-7.281,-0.301,-1.281
1746727329.400,-7.256,-0.265,-1.297
1746727329.435,-7.232,-0.231,-1.313
1746727329.482,-7.200,-0.184,-1.334
1746727329.489,-7.195,-0.177,-1.337
1746727329.497,-7.189,-0.169,-1.341
1746727329.504,-7.184,-0.161,-1.344
1746727329.510,-7.180,-0.155,-1.347
1746727329.519,-7.174,-0.147,-1.351
1746727329.525,-7.170,-0.141,-1.353
1746727329.541,-7.159,-0.125,-1.360
1746727329.546,-7.155,-0.119,-1.363
1746727329.550,-7.152,-0.116,-1.364
1746727329.557,-7.148,-0.109,-1.367
1746727329.565,-7.142,-0.101,-1.371
1746727329.570,-7.139,-0.096,-1.373
1746727329.576,-7.134,-0.089,-1.376
1746727329.581,-7.130,-0.084,-1.378
1746727329.588,-7.126,-0.078,-1.381
1746727329.593,-7.122,-0.072,-1.383
1746727329.600,-7.117,-0.066,-1.386
1746727329.606,-7.113,-0.060,-1.389
1746727329.613,-7.108,-0.053,-1.392
1746727329.617,-7.106,-0.049,-1.393
1746727329.623,-7.101,-0.043,-1.396
1746727329.628,-7.098,-0.038,-1.398
1746727329.636,-7.092,-0.030,-1.402
1746727329.641,-7.088,-0.024,-1.404
1746727329.649,-7.083,-0.016,-1.407
1746727329.652,-7.081,-0.014,-1.408
1746727329.664,-7.072,-0.001,-1.414
1746727329.749,-7.012,0.083,-1.449
1746727329.818,-6.962,0.152,-1.477
1746727329.913,-6.894,0.247,-1.515
1746727329.978,-6.847,0.312,-1.540
1746727330.056,-6.790,0.390,-1.570
1746727330.066,-6.783,0.400,-1.573
1746727330.073,-6.777,0.407,-1.576
1746727330.086,-6.768,0.420,-1.581
1746727330.090,-6.765,0.424,-1.582
1746727330.099,-6.758,0.433,-1.586
1746727330.104,-6.754,0.438,-1.587
1746727330.113,-6.748,0.446,-1.591
1746727330.121,-6.742,0.455,-1.594
1746727330.177,-6.700,0.511,-1.614
1746727330.247,-6.649,0.580,-1.638
1746727330.260,-6.639,0.593,-1.643
1746727330.268,-6.633,0.601,-1.645
1746727330.273,-6.629,0.606,-1.647
1746727330.282,-6.622,0.614,-1.650
1746727330.286,-6.619,0.619,-1.651
1746727330.293,-6.614,0.626,-1.654
1746727330.330,-6.586,0.662,-1.666
1746727330.372,-6.554,0.704,-1.680
1746727330.439,-6.504,0.770,-1.701
1746727330.453,-6.493,0.784,-1.706
1746727330.463,-6.486,0.793,-1.709
1746727330.466,-6.483,0.797,-1.710
1746727330.473,-6.478,0.804,-1.712
1746727330.480,-6.472,0.811,-1.714
1746727330.486,-6.468,0.816,-1.716
1746727330.494,-6.462,0.825,-1.719
1746727330.498,-6.459,0.828,-1.720
1746727330.506,-6.453,0.836,-1.722
1746727330.511,-6.449,0.841,-1.724
1746727330.520,-6.442,0.850,-1.726
1746727330.528,-6.436,0.858,-1.729
1746727330.532,-6.433,0.862,-1.730
1746727330.544,-6.424,0.874,-1.734
1746727330.551,-6.418,0.880,-1.736
1746727330.554,-6.416,0.884,-1.737
1746727330.563,-6.409,0.892,-1.739
1746727330.566,-6.406,0.896,-1.740
1746727330.602,-6.379,0.931,-1.751
1746727330.641,-6.349,0.969,-1.762
1746727330.690,-6.311,1.017,-1.776
1746727330.710,-6.296,1.036,-1.781
1746727330.774,-6.246,1.099,-1.798
1746727330.826,-6.205,1.149,-1.812
1746727330.834,-6.198,1.158,-1.814
1746727330.840,-6.194,1.164,-1.815
1746727330.850,-6.186,1.173,-1.818
1746727330.857,-6.180,1.181,-1.820
1746727330.865,-6.174,1.188,-1.822
1746727330.873,-6.168,1.196,-1.824
1746727330.879,-6.163,1.202,-1.825
1746727330.888,-6.156,1.210,-1.827
1746727330.896,-6.150,1.218,-1.829
1746727330.902,-6.145,1.224,-1.831
1746727330.910,-6.138,1.232,-1.833
1746727330.916,-6.134,1.237,-1.834
1746727330.926,-6.126,1.247,-1.836
1746727330.931,-6.122,1.252,-1.838
1746727330.937,-6.118,1.257,-1.839
1746727331.008,-6.061,1.326,-1.855
1746727331.330,-5.802,1.634,-1.919
1746727331.433,-5.718,1.731,-1.935
1746727331.545,-5.626,1.835,-1.951
1746727331.591,-5.587,1.878,-1.957
1746727331.633,-5.552,1.917,-1.962
1746727331.682,-5.511,1.962,-1.968
1746727331.695,-5.501,1.974,-1.969
1746727331.710,-5.488,1.988,-1.970
1746727331.719,-5.481,1.996,-1.971
1746727331.730,-5.472,2.006,-1.972
1746727331.738,-5.465,2.014,-1.973
1746727331.745,-5.459,2.020,-1.974
1746727331.754,-5.452,2.028,-1.975
1746727331.762,-5.444,2.036,-1.976
1746727331.769,-5.439,2.042,-1.976
1746727331.780,-5.430,2.052,-1.977
1746727331.789,-5.422,2.060,-1.978
1746727331.799,-5.414,2.069,-1.979
1746727331.857,-5.365,2.121,-1.984
1746727331.865,-5.358,2.129,-1.984
1746727331.874,-5.350,2.138,-1.985
1746727331.939,-5.296,2.196,-1.989
1746727331.948,-5.288,2.204,-1.990
1746727331.973,-5.267,2.226,-1.991
1746727332.029,-5.219,2.276,-1.994
1746727332.106,-5.153,2.345,-1.997
1746727332.115,-5.146,2.352,-1.997
1746727332.124,-5.138,2.360,-1.998
1746727332.130,-5.132,2.366,-1.998
1746727332.138,-5.125,2.373,-1.998
1746727332.147,-5.118,2.381,-1.998
1746727332.154,-5.112,2.387,-1.998
1746727332.162,-5.105,2.394,-1.999
1746727332.170,-5.098,2.401,-1.999
1746727332.177,-5.092,2.407,-1.999
1746727332.188,-5.083,2.416,-1.999
1746727332.197,-5.075,2.424,-1.999
1746727332.269,-5.013,2.487,-2.000
1746727332.402,-4.897,2.602,-1.999
1746727332.410,-4.890,2.609,-1.999
1746727332.419,-4.883,2.616,-1.998
1746727332.429,-4.874,2.625,-1.998
1746727332.439,-4.865,2.633,-1.998
1746727332.449,-4.857,2.641,-1.998
1746727332.537,-4.779,2.716,-1.994
1746727332.549,-4.768,2.726,-1.994
1746727332.559,-4.760,2.734,-1.993
1746727332.568,-4.752,2.742,-1.993
1746727332.577,-4.744,2.749,-1.992
1746727332.583,-4.739,2.754,-1.992
1746727332.592,-4.731,2.762,-1.991
1746727332.600,-4.724,2.769,-1.991
1746727332.606,-4.718,2.774,-1.991
1746727332.615,-4.710,2.781,-1.990
1746727332.623,-4.703,2.788,-1.990
1746727332.630,-4.697,2.793,-1.989
1746727332.686,-4.648,2.840,-1.985
1746727332.767,-4.576,2.906,-1.979
1746727333.015,-4.354,3.105,-1.952
1746727333.087,-4.289,3.161,-1.942
1746727333.149,-4.233,3.208,-1.933
1746727333.193,-4.193,3.242,-1.926
1746727333.262,-4.131,3.294,-1.915
1746727333.347,-4.053,3.358,-1.899
1746727333.355,-4.045,3.363,-1.898
1746727333.363,-4.038,3.369,-1.896
1746727333.371,-4.030,3.376,-1.894
1746727333.380,-4.022,3.382,-1.893
1746727333.387,-4.016,3.387,-1.891
1746727333.394,-4.010,3.392,-1.890
1746727333.402,-4.002,3.398,-1.889
1746727333.409,-3.996,3.403,-1.887
1746727333.418,-3.988,3.410,-1.885
1746727333.429,-3.978,3.418,-1.883
1746727333.438,-3.969,3.425,-1.881
1746727333.447,-3.961,3.431,-1.879
1746727333.456,-3.953,3.438,-1.878
1746727333.528,-3.887,3.489,-1.862
1746727333.537,-3.878,3.496,-1.860
1746727333.544,-3.872,3.501,-1.859
1746727333.552,-3.864,3.507,-1.857
1746727333.561,-3.856,3.513,-1.855
1746727333.568,-3.850,3.518,-1.853
1746727333.576,-3.842,3.524,-1.852
1746727333.584,-3.835,3.529,-1.850
1746727333.644,-3.780,3.571,-1.836
1746727333.653,-3.771,3.578,-1.834
1746727333.667,-3.758,3.588,-1.830
1746727333.918,-3.524,3.758,-1.764
1746727334.064,-3.387,3.853,-1.721
1746727334.165,-3.292,3.916,-1.690
1746727334.176,-3.281,3.923,-1.686
1746727334.184,-3.274,3.928,-1.684
1746727334.193,-3.265,3.934,-1.681
1746727334.202,-3.257,3.939,-1.678
1746727334.210,-3.250,3.944,-1.675
1746727334.232,-3.229,3.958,-1.668
1746727334.244,-3.218,3.965,-1.664
1746727334.253,-3.209,3.970,-1.661
1746727334.262,-3.200,3.976,-1.658
1746727334.272,-3.191,3.982,-1.655
1746727334.283,-3.181,3.988,-1.651
1746727334.293,-3.171,3.994,-1.648
1746727334.301,-3.164,3.999,-1.645
1746727334.376,-3.092,4.044,-1.619
1746727334.556,-2.920,4.147,-1.553
1746727334.669,-2.812,4.209,-1.509
1746727334.754,-2.731,4.254,-1.476
1746727334.800,-2.686,4.278,-1.457
1746727334.860,-2.628,4.309,-1.432
1746727334.870,-2.619,4.314,-1.428
1746727334.878,-2.611,4.318,-1.424
1746727334.886,-2.604,4.322,-1.421
1746727334.896,-2.594,4.327,-1.417
1746727334.904,-2.586,4.331,-1.413
1746727334.912,-2.578,4.335,-1.410
1746727334.925,-2.566,4.342,-1.404
1746727335.082,-2.414,4.417,-1.336
1746727335.093,-2.403,4.422,-1.331
1746727335.102,-2.394,4.427,-1.327
1746727335.112,-2.385,4.431,-1.322
1746727335.121,-2.375,4.436,-1.318
1746727335.134,-2.363,4.442,-1.312
1746727335.146,-2.351,4.447,-1.307
1746727335.157,-2.341,4.452,-1.302
1746727335.168,-2.330,4.457,-1.297
