timestamp,qw,qx,qy,qz,roll,pitch,yaw
1747368991.438,0.999,0.012,-0.018,-0.024,0.025,-0.036,-0.049
1747368991.589,1.000,0.009,-0.014,-0.019,0.020,-0.028,-0.038
1747368991.590,1.000,0.009,-0.014,-0.019,0.019,-0.028,-0.038
1747368991.592,1.000,0.009,-0.014,-0.019,0.019,-0.028,-0.038
1747368991.593,1.000,0.009,-0.014,-0.019,0.019,-0.028,-0.038
1747368991.594,1.000,0.009,-0.014,-0.019,0.019,-0.028,-0.038
1747368991.596,1.000,0.009,-0.014,-0.019,0.019,-0.028,-0.037
1747368991.597,1.000,0.009,-0.014,-0.019,0.019,-0.028,-0.037
1747368991.599,1.000,0.009,-0.014,-0.019,0.019,-0.027,-0.037
1747368991.600,1.000,0.009,-0.014,-0.018,0.019,-0.027,-0.037
1747368991.602,1.000,0.009,-0.014,-0.018,0.019,-0.027,-0.037
1747368991.603,1.000,0.009,-0.014,-0.018,0.019,-0.027,-0.037
1747368991.604,1.000,0.009,-0.014,-0.018,0.019,-0.027,-0.037
1747368991.606,1.000,0.009,-0.014,-0.018,0.019,-0.027,-0.037
1747368991.607,1.000,0.009,-0.014,-0.018,0.019,-0.027,-0.037
1747368991.609,1.000,0.009,-0.014,-0.018,0.019,-0.027,-0.037
1747368991.610,1.000,0.009,-0.014,-0.018,0.019,-0.027,-0.036
1747368991.612,1.000,0.009,-0.014,-0.018,0.019,-0.027,-0.036
1747368991.613,1.000,0.009,-0.014,-0.018,0.019,-0.027,-0.036
1747368991.615,1.000,0.009,-0.013,-0.018,0.019,-0.027,-0.036
1747368991.616,1.000,0.009,-0.013,-0.018,0.018,-0.027,-0.036
1747368991.617,1.000,0.009,-0.013,-0.018,0.018,-0.027,-0.036
1747368991.619,1.000,0.009,-0.013,-0.018,0.018,-0.026,-0.036
1747368991.620,1.000,0.009,-0.013,-0.018,0.018,-0.026,-0.036
1747368991.622,1.000,0.009,-0.013,-0.018,0.018,-0.026,-0.036
1747368991.623,1.000,0.009,-0.013,-0.018,0.018,-0.026,-0.035
1747368991.625,1.000,0.009,-0.013,-0.018,0.018,-0.026,-0.035
1747368991.626,1.000,0.009,-0.013,-0.018,0.018,-0.026,-0.035
1747368991.628,1.000,0.009,-0.013,-0.017,0.018,-0.026,-0.035
1747368991.629,1.000,0.009,-0.013,-0.017,0.018,-0.026,-0.035
1747368991.631,1.000,0.009,-0.013,-0.017,0.018,-0.026,-0.035
1747368991.632,1.000,0.009,-0.013,-0.017,0.018,-0.026,-0.035
1747368991.634,1.000,0.009,-0.013,-0.017,0.018,-0.026,-0.035
1747368991.635,1.000,0.009,-0.013,-0.017,0.018,-0.026,-0.035
1747368991.637,1.000,0.009,-0.013,-0.017,0.018,-0.025,-0.035
1747368991.639,1.000,0.009,-0.013,-0.017,0.018,-0.025,-0.034
1747368991.640,1.000,0.009,-0.013,-0.017,0.018,-0.025,-0.034
1747368991.642,1.000,0.009,-0.013,-0.017,0.017,-0.025,-0.034
1747368991.643,1.000,0.008,-0.013,-0.017,0.017,-0.025,-0.034
1747368991.645,1.000,0.008,-0.013,-0.017,0.017,-0.025,-0.034
1747368991.646,1.000,0.008,-0.013,-0.017,0.017,-0.025,-0.034
1747368991.648,1.000,0.008,-0.013,-0.017,0.017,-0.025,-0.034
1747368991.649,1.000,0.008,-0.013,-0.017,0.017,-0.025,-0.034
1747368991.651,1.000,0.008,-0.013,-0.017,0.017,-0.025,-0.033
1747368991.653,1.000,0.008,-0.012,-0.017,0.017,-0.025,-0.033
1747368991.654,1.000,0.008,-0.012,-0.017,0.017,-0.025,-0.033
1747368991.656,1.000,0.008,-0.012,-0.016,0.017,-0.024,-0.033
1747368991.657,1.000,0.008,-0.012,-0.016,0.017,-0.024,-0.033
1747368991.659,1.000,0.008,-0.012,-0.016,0.017,-0.024,-0.033
1747368991.660,1.000,0.008,-0.012,-0.016,0.017,-0.024,-0.033
1747368991.675,1.000,0.008,-0.012,-0.016,0.016,-0.023,-0.032
1747368991.676,1.000,0.008,-0.012,-0.016,0.016,-0.023,-0.032
1747368991.678,1.000,0.008,-0.012,-0.016,0.016,-0.023,-0.032
1747368991.680,1.000,0.008,-0.012,-0.016,0.016,-0.023,-0.031
1747368991.681,1.000,0.008,-0.012,-0.016,0.016,-0.023,-0.031
1747368991.683,1.000,0.008,-0.012,-0.016,0.016,-0.023,-0.031
1747368991.684,1.000,0.008,-0.012,-0.015,0.016,-0.023,-0.031
1747368991.686,1.000,0.008,-0.012,-0.015,0.016,-0.023,-0.031
1747368991.688,1.000,0.008,-0.012,-0.015,0.016,-0.023,-0.031
1747368991.689,1.000,0.008,-0.011,-0.015,0.016,-0.023,-0.031
1747368991.691,1.000,0.008,-0.011,-0.015,0.016,-0.023,-0.031
1747368991.693,1.000,0.008,-0.011,-0.015,0.016,-0.023,-0.030
1747368991.694,1.000,0.008,-0.011,-0.015,0.015,-0.022,-0.030
1747368991.696,1.000,0.008,-0.011,-0.015,0.015,-0.022,-0.030
1747368991.698,1.000,0.008,-0.011,-0.015,0.015,-0.022,-0.030
1747368991.699,1.000,0.007,-0.011,-0.015,0.015,-0.022,-0.030
1747368991.701,1.000,0.007,-0.011,-0.015,0.015,-0.022,-0.030
1747368991.703,1.000,0.007,-0.011,-0.015,0.015,-0.022,-0.030
1747368991.704,1.000,0.007,-0.011,-0.015,0.015,-0.022,-0.030
1747368991.706,1.000,0.007,-0.011,-0.015,0.015,-0.022,-0.029
1747368991.708,1.000,0.007,-0.011,-0.015,0.015,-0.022,-0.029
1747368991.710,1.000,0.007,-0.011,-0.015,0.015,-0.022,-0.029
1747368991.711,1.000,0.007,-0.011,-0.014,0.015,-0.022,-0.029
1747368991.713,1.000,0.007,-0.011,-0.014,0.015,-0.021,-0.029
1747368991.715,1.000,0.007,-0.011,-0.014,0.015,-0.021,-0.029
1747368991.716,1.000,0.007,-0.011,-0.014,0.015,-0.021,-0.029
1747368991.718,1.000,0.007,-0.011,-0.014,0.015,-0.021,-0.029
1747368991.720,1.000,0.007,-0.011,-0.014,0.015,-0.021,-0.029
1747368991.722,1.000,0.007,-0.011,-0.014,0.014,-0.021,-0.028
1747368991.723,1.000,0.007,-0.011,-0.014,0.014,-0.021,-0.028
1747368991.725,1.000,0.007,-0.011,-0.014,0.014,-0.021,-0.028
1747368991.727,1.000,0.007,-0.010,-0.014,0.014,-0.021,-0.028
1747368991.729,1.000,0.007,-0.010,-0.014,0.014,-0.021,-0.028
1747368991.730,1.000,0.007,-0.010,-0.014,0.014,-0.021,-0.028
1747368991.732,1.000,0.007,-0.010,-0.014,0.014,-0.020,-0.028
1747368991.734,1.000,0.007,-0.010,-0.014,0.014,-0.020,-0.027
1747368991.736,1.000,0.007,-0.010,-0.014,0.014,-0.020,-0.027
1747368991.737,1.000,0.007,-0.010,-0.014,0.014,-0.020,-0.027
1747368991.739,1.000,0.007,-0.010,-0.013,0.014,-0.020,-0.027
1747368991.741,1.000,0.007,-0.010,-0.013,0.014,-0.020,-0.027
1747368991.742,1.000,0.007,-0.010,-0.013,0.014,-0.020,-0.027
1747368991.744,1.000,0.007,-0.010,-0.013,0.014,-0.020,-0.027
1747368991.746,1.000,0.007,-0.010,-0.013,0.014,-0.020,-0.027
1747368991.747,1.000,0.007,-0.010,-0.013,0.013,-0.020,-0.026
1747368991.749,1.000,0.007,-0.010,-0.013,0.013,-0.020,-0.026
1747368991.751,1.000,0.007,-0.010,-0.013,0.013,-0.019,-0.026
1747368991.752,1.000,0.007,-0.010,-0.013,0.013,-0.019,-0.026
1747368991.754,1.000,0.006,-0.010,-0.013,0.013,-0.019,-0.026
1747368991.756,1.000,0.006,-0.010,-0.013,0.013,-0.019,-0.026
1747368991.757,1.000,0.006,-0.010,-0.013,0.013,-0.019,-0.026
1747368991.766,1.000,0.006,-0.009,-0.013,0.013,-0.019,-0.025
1747368991.767,1.000,0.006,-0.009,-0.012,0.013,-0.019,-0.025
1747368991.769,1.000,0.006,-0.009,-0.012,0.013,-0.018,-0.025
1747368991.771,1.000,0.006,-0.009,-0.012,0.013,-0.018,-0.025
1747368991.772,1.000,0.006,-0.009,-0.012,0.013,-0.018,-0.025
1747368991.774,1.000,0.006,-0.009,-0.012,0.012,-0.018,-0.025
1747368991.776,1.000,0.006,-0.009,-0.012,0.012,-0.018,-0.024
1747368991.777,1.000,0.006,-0.009,-0.012,0.012,-0.018,-0.024
1747368991.779,1.000,0.006,-0.009,-0.012,0.012,-0.018,-0.024
1747368991.781,1.000,0.006,-0.009,-0.012,0.012,-0.018,-0.024
1747368991.782,1.000,0.006,-0.009,-0.012,0.012,-0.018,-0.024
1747368991.784,1.000,0.006,-0.009,-0.012,0.012,-0.018,-0.024
1747368991.785,1.000,0.006,-0.009,-0.012,0.012,-0.018,-0.024
1747368991.787,1.000,0.006,-0.009,-0.012,0.012,-0.018,-0.024
1747368991.789,1.000,0.006,-0.009,-0.012,0.012,-0.017,-0.023
1747368991.791,1.000,0.006,-0.009,-0.012,0.012,-0.017,-0.023
1747368991.793,1.000,0.006,-0.009,-0.012,0.012,-0.017,-0.023
1747368991.796,1.000,0.006,-0.009,-0.011,0.012,-0.017,-0.023
1747368991.798,1.000,0.006,-0.009,-0.011,0.012,-0.017,-0.023
1747368991.799,1.000,0.006,-0.008,-0.011,0.012,-0.017,-0.023
1747368991.801,1.000,0.006,-0.008,-0.011,0.011,-0.017,-0.023
1747368991.803,1.000,0.006,-0.008,-0.011,0.011,-0.017,-0.022
1747368991.805,1.000,0.006,-0.008,-0.011,0.011,-0.017,-0.022
1747368991.807,1.000,0.006,-0.008,-0.011,0.011,-0.016,-0.022
1747368991.809,1.000,0.005,-0.008,-0.011,0.011,-0.016,-0.022
1747368991.811,1.000,0.005,-0.008,-0.011,0.011,-0.016,-0.022
1747368991.813,1.000,0.005,-0.008,-0.011,0.011,-0.016,-0.022
1747368991.815,1.000,0.005,-0.008,-0.011,0.011,-0.016,-0.022
1747368991.817,1.000,0.005,-0.008,-0.011,0.011,-0.016,-0.021
1747368991.819,1.000,0.005,-0.008,-0.011,0.011,-0.016,-0.021
1747368991.821,1.000,0.005,-0.008,-0.011,0.011,-0.016,-0.021
1747368991.823,1.000,0.005,-0.008,-0.010,0.011,-0.016,-0.021
1747368991.825,1.000,0.005,-0.008,-0.010,0.011,-0.015,-0.021
1747368991.826,1.000,0.005,-0.008,-0.010,0.011,-0.015,-0.021
1747368991.828,1.000,0.005,-0.008,-0.010,0.010,-0.015,-0.021
1747368991.830,1.000,0.005,-0.008,-0.010,0.010,-0.015,-0.020
1747368991.832,1.000,0.005,-0.008,-0.010,0.010,-0.015,-0.020
1747368991.834,1.000,0.005,-0.008,-0.010,0.010,-0.015,-0.020
1747368991.836,1.000,0.005,-0.007,-0.010,0.010,-0.015,-0.020
1747368991.838,1.000,0.005,-0.007,-0.010,0.010,-0.015,-0.020
1747368991.840,1.000,0.005,-0.007,-0.010,0.010,-0.015,-0.020
1747368991.842,1.000,0.005,-0.007,-0.010,0.010,-0.015,-0.020
1747368991.844,1.000,0.005,-0.007,-0.010,0.010,-0.014,-0.019
1747368991.846,1.000,0.005,-0.007,-0.010,0.010,-0.014,-0.019
1747368991.848,1.000,0.005,-0.007,-0.010,0.010,-0.014,-0.019
1747368991.850,1.000,0.005,-0.007,-0.009,0.010,-0.014,-0.019
1747368991.852,1.000,0.005,-0.007,-0.009,0.010,-0.014,-0.019
1747368991.854,1.000,0.005,-0.007,-0.009,0.009,-0.014,-0.019
1747368991.856,1.000,0.005,-0.007,-0.009,0.009,-0.014,-0.019
1747368991.858,1.000,0.005,-0.007,-0.009,0.009,-0.014,-0.018
1747368991.869,1.000,0.004,-0.007,-0.009,0.009,-0.013,-0.018
1747368991.871,1.000,0.004,-0.007,-0.009,0.009,-0.013,-0.018
1747368991.873,1.000,0.004,-0.006,-0.009,0.009,-0.013,-0.017
1747368991.875,1.000,0.004,-0.006,-0.009,0.009,-0.013,-0.017
1747368991.877,1.000,0.004,-0.006,-0.009,0.009,-0.013,-0.017
1747368991.879,1.000,0.004,-0.006,-0.008,0.009,-0.013,-0.017
1747368991.881,1.000,0.004,-0.006,-0.008,0.008,-0.012,-0.017
1747368991.883,1.000,0.004,-0.006,-0.008,0.008,-0.012,-0.017
1747368991.885,1.000,0.004,-0.006,-0.008,0.008,-0.012,-0.016
1747368991.887,1.000,0.004,-0.006,-0.008,0.008,-0.012,-0.016
1747368991.889,1.000,0.004,-0.006,-0.008,0.008,-0.012,-0.016
1747368991.891,1.000,0.004,-0.006,-0.008,0.008,-0.012,-0.016
1747368991.893,1.000,0.004,-0.006,-0.008,0.008,-0.012,-0.016
1747368991.895,1.000,0.004,-0.006,-0.008,0.008,-0.012,-0.016
1747368991.897,1.000,0.004,-0.006,-0.008,0.008,-0.012,-0.016
1747368991.899,1.000,0.004,-0.006,-0.008,0.008,-0.012,-0.015
1747368991.901,1.000,0.004,-0.006,-0.008,0.008,-0.011,-0.015
1747368991.903,1.000,0.004,-0.006,-0.008,0.008,-0.011,-0.015
1747368991.905,1.000,0.004,-0.006,-0.008,0.008,-0.011,-0.015
1747368991.907,1.000,0.004,-0.006,-0.007,0.008,-0.011,-0.015
1747368991.909,1.000,0.004,-0.006,-0.007,0.007,-0.011,-0.015
1747368991.911,1.000,0.004,-0.005,-0.007,0.007,-0.011,-0.015
1747368991.913,1.000,0.004,-0.005,-0.007,0.007,-0.011,-0.014
1747368991.916,1.000,0.004,-0.005,-0.007,0.007,-0.011,-0.014
1747368991.918,1.000,0.004,-0.005,-0.007,0.007,-0.011,-0.014
1747368991.920,1.000,0.003,-0.005,-0.007,0.007,-0.010,-0.014
1747368991.922,1.000,0.003,-0.005,-0.007,0.007,-0.010,-0.014
1747368991.924,1.000,0.003,-0.005,-0.007,0.007,-0.010,-0.014
1747368991.926,1.000,0.003,-0.005,-0.007,0.007,-0.010,-0.013
1747368991.928,1.000,0.003,-0.005,-0.007,0.007,-0.010,-0.013
1747368991.931,1.000,0.003,-0.005,-0.007,0.007,-0.010,-0.013
1747368991.933,1.000,0.003,-0.005,-0.006,0.007,-0.010,-0.013
1747368991.935,1.000,0.003,-0.005,-0.006,0.006,-0.010,-0.013
1747368991.937,1.000,0.003,-0.005,-0.006,0.006,-0.009,-0.013
1747368991.940,1.000,0.003,-0.005,-0.006,0.006,-0.009,-0.012
1747368991.942,1.000,0.003,-0.005,-0.006,0.006,-0.009,-0.012
1747368991.944,1.000,0.003,-0.005,-0.006,0.006,-0.009,-0.012
1747368991.946,1.000,0.003,-0.004,-0.006,0.006,-0.009,-0.012
1747368991.949,1.000,0.003,-0.004,-0.006,0.006,-0.009,-0.012
1747368991.951,1.000,0.003,-0.004,-0.006,0.006,-0.009,-0.012
1747368991.953,1.000,0.003,-0.004,-0.006,0.006,-0.009,-0.012
1747368991.955,1.000,0.003,-0.004,-0.006,0.006,-0.008,-0.011
1747368991.958,1.000,0.003,-0.004,-0.006,0.006,-0.008,-0.011
1747368991.960,1.000,0.003,-0.004,-0.006,0.006,-0.008,-0.011
1747368991.962,1.000,0.003,-0.004,-0.005,0.005,-0.008,-0.011
1747368991.964,1.000,0.003,-0.004,-0.005,0.005,-0.008,-0.011
1747368991.966,1.000,0.003,-0.004,-0.005,0.005,-0.008,-0.011
1747368991.968,1.000,0.003,-0.004,-0.005,0.005,-0.008,-0.010
1747368991.970,1.000,0.003,-0.004,-0.005,0.005,-0.008,-0.010
1747368991.972,1.000,0.003,-0.004,-0.005,0.005,-0.008,-0.010
1747368991.982,1.000,0.002,-0.004,-0.005,0.005,-0.007,-0.009
1747368991.984,1.000,0.002,-0.003,-0.005,0.005,-0.007,-0.009
1747368991.986,1.000,0.002,-0.003,-0.005,0.005,-0.007,-0.009
1747368991.988,1.000,0.002,-0.003,-0.004,0.005,-0.007,-0.009
1747368991.990,1.000,0.002,-0.003,-0.004,0.004,-0.007,-0.009
1747368991.992,1.000,0.002,-0.003,-0.004,0.004,-0.006,-0.009
1747368991.994,1.000,0.002,-0.003,-0.004,0.004,-0.006,-0.009
1747368991.996,1.000,0.002,-0.003,-0.004,0.004,-0.006,-0.008
1747368991.998,1.000,0.002,-0.003,-0.004,0.004,-0.006,-0.008
1747368992.000,1.000,0.002,-0.003,-0.004,0.004,-0.006,-0.008
1747368992.002,1.000,0.002,-0.003,-0.004,0.004,-0.006,-0.008
1747368992.004,1.000,0.002,-0.003,-0.004,0.004,-0.006,-0.008
1747368992.006,1.000,0.002,-0.003,-0.004,0.004,-0.006,-0.008
1747368992.008,1.000,0.002,-0.003,-0.004,0.004,-0.006,-0.008
1747368992.010,1.000,0.002,-0.003,-0.004,0.004,-0.006,-0.007
1747368992.012,1.000,0.002,-0.003,-0.004,0.004,-0.005,-0.007
1747368992.014,1.000,0.002,-0.003,-0.004,0.004,-0.005,-0.007
1747368992.016,1.000,0.002,-0.003,-0.003,0.003,-0.005,-0.007
1747368992.018,1.000,0.002,-0.003,-0.003,0.003,-0.005,-0.007
1747368992.020,1.000,0.002,-0.002,-0.003,0.003,-0.005,-0.007
1747368992.022,1.000,0.002,-0.002,-0.003,0.003,-0.005,-0.006
1747368992.024,1.000,0.002,-0.002,-0.003,0.003,-0.005,-0.006
1747368992.026,1.000,0.002,-0.002,-0.003,0.003,-0.005,-0.006
1747368992.029,1.000,0.002,-0.002,-0.003,0.003,-0.004,-0.006
1747368992.031,1.000,0.001,-0.002,-0.003,0.003,-0.004,-0.006
1747368992.033,1.000,0.001,-0.002,-0.003,0.003,-0.004,-0.006
1747368992.035,1.000,0.001,-0.002,-0.003,0.003,-0.004,-0.006
1747368992.037,1.000,0.001,-0.002,-0.003,0.003,-0.004,-0.005
1747368992.039,1.000,0.001,-0.002,-0.003,0.003,-0.004,-0.005
1747368992.041,1.000,0.001,-0.002,-0.003,0.003,-0.004,-0.005
1747368992.043,1.000,0.001,-0.002,-0.002,0.002,-0.004,-0.005
1747368992.045,1.000,0.001,-0.002,-0.002,0.002,-0.004,-0.005
1747368992.047,1.000,0.001,-0.002,-0.002,0.002,-0.003,-0.005
1747368992.049,1.000,0.001,-0.002,-0.002,0.002,-0.003,-0.005
1747368992.051,1.000,0.001,-0.002,-0.002,0.002,-0.003,-0.004
1747368992.054,1.000,0.001,-0.002,-0.002,0.002,-0.003,-0.004
1747368992.056,1.000,0.001,-0.002,-0.002,0.002,-0.003,-0.004
1747368992.058,1.000,0.001,-0.001,-0.002,0.002,-0.003,-0.004
1747368992.060,1.000,0.001,-0.001,-0.002,0.002,-0.003,-0.004
1747368992.062,1.000,0.001,-0.001,-0.002,0.002,-0.003,-0.004
1747368992.064,1.000,0.001,-0.001,-0.002,0.002,-0.003,-0.003
1747368992.066,1.000,0.001,-0.001,-0.002,0.002,-0.002,-0.003
1747368992.068,1.000,0.001,-0.001,-0.002,0.002,-0.002,-0.003
1747368992.071,1.000,0.001,-0.001,-0.001,0.001,-0.002,-0.003
1747368992.073,1.000,0.001,-0.001,-0.001,0.001,-0.002,-0.003
1747368992.075,1.000,0.001,-0.001,-0.001,0.001,-0.002,-0.003
1747368992.078,1.000,0.001,-0.001,-0.001,0.001,-0.002,-0.002
1747368992.080,1.000,0.001,-0.001,-0.001,0.001,-0.002,-0.002
1747368992.082,1.000,0.001,-0.001,-0.001,0.001,-0.002,-0.002
1747368992.084,1.000,0.000,-0.001,-0.001,0.001,-0.001,-0.002
1747368992.097,1.000,0.000,-0.000,-0.001,0.001,-0.001,-0.001
1747368992.100,1.000,0.000,-0.000,-0.000,0.000,-0.001,-0.001
1747368992.102,1.000,0.000,-0.000,-0.000,0.000,-0.001,-0.001
1747368992.104,1.000,0.000,-0.000,-0.000,0.000,-0.000,-0.001
1747368992.106,1.000,0.000,-0.000,-0.000,0.000,-0.000,-0.000
1747368992.109,1.000,0.000,-0.000,-0.000,0.000,-0.000,-0.000
1747368992.111,1.000,0.000,-0.000,-0.000,0.000,-0.000,-0.000
1747368992.113,1.000,-0.000,0.000,0.000,-0.000,0.000,0.000
1747368992.116,1.000,-0.000,0.000,0.000,-0.000,0.000,0.000
1747368992.118,1.000,-0.000,0.000,0.000,-0.000,0.000,0.000
1747368992.120,1.000,-0.000,0.000,0.000,-0.000,0.000,0.001
1747368992.123,1.000,-0.000,0.000,0.000,-0.000,0.001,0.001
1747368992.125,1.000,-0.000,0.000,0.001,-0.000,0.001,0.001
1747368992.127,1.000,-0.000,0.000,0.001,-0.001,0.001,0.001
1747368992.130,1.000,-0.000,0.001,0.001,-0.001,0.001,0.001
1747368992.132,1.000,-0.000,0.001,0.001,-0.001,0.001,0.002
1747368992.135,1.000,-0.000,0.001,0.001,-0.001,0.001,0.002
1747368992.137,1.000,-0.000,0.001,0.001,-0.001,0.001,0.002
1747368992.139,1.000,-0.001,0.001,0.001,-0.001,0.002,0.002
1747368992.142,1.000,-0.001,0.001,0.001,-0.001,0.002,0.002
1747368992.145,1.000,-0.001,0.001,0.001,-0.001,0.002,0.002
1747368992.147,1.000,-0.001,0.001,0.001,-0.001,0.002,0.003
1747368992.150,1.000,-0.001,0.001,0.001,-0.001,0.002,0.003
1747368992.152,1.000,-0.001,0.001,0.001,-0.001,0.002,0.003
1747368992.155,1.000,-0.001,0.001,0.002,-0.002,0.002,0.003
1747368992.157,1.000,-0.001,0.001,0.002,-0.002,0.003,0.003
1747368992.160,1.000,-0.001,0.001,0.002,-0.002,0.003,0.004
1747368992.162,1.000,-0.001,0.001,0.002,-0.002,0.003,0.004
1747368992.165,1.000,-0.001,0.001,0.002,-0.002,0.003,0.004
1747368992.167,1.000,-0.001,0.002,0.002,-0.002,0.003,0.004
1747368992.170,1.000,-0.001,0.002,0.002,-0.002,0.003,0.004
1747368992.172,1.000,-0.001,0.002,0.002,-0.002,0.003,0.004
1747368992.175,1.000,-0.001,0.002,0.002,-0.002,0.003,0.005
1747368992.177,1.000,-0.001,0.002,0.002,-0.002,0.004,0.005
1747368992.180,1.000,-0.001,0.002,0.002,-0.002,0.004,0.005
1747368992.182,1.000,-0.001,0.002,0.003,-0.003,0.004,0.005
1747368992.185,1.000,-0.001,0.002,0.003,-0.003,0.004,0.005
1747368992.187,1.000,-0.001,0.002,0.003,-0.003,0.004,0.006
1747368992.190,1.000,-0.001,0.002,0.003,-0.003,0.004,0.006
1747368992.192,1.000,-0.001,0.002,0.003,-0.003,0.004,0.006
1747368992.195,1.000,-0.002,0.002,0.003,-0.003,0.005,0.006
1747368992.198,1.000,-0.002,0.002,0.003,-0.003,0.005,0.006
1747368992.201,1.000,-0.002,0.002,0.003,-0.003,0.005,0.007
1747368992.204,1.000,-0.002,0.003,0.003,-0.003,0.005,0.007
1747368992.206,1.000,-0.002,0.003,0.003,-0.003,0.005,0.007
1747368992.209,1.000,-0.002,0.003,0.004,-0.004,0.005,0.007
1747368992.212,1.000,-0.002,0.003,0.004,-0.004,0.005,0.007
1747368992.214,1.000,-0.002,0.003,0.004,-0.004,0.006,0.007
1747368992.217,1.000,-0.002,0.003,0.004,-0.004,0.006,0.008
1747368992.220,1.000,-0.002,0.003,0.004,-0.004,0.006,0.008
1747368992.232,1.000,-0.002,0.003,0.004,-0.004,0.007,0.009
1747368992.234,1.000,-0.002,0.003,0.004,-0.004,0.007,0.009
1747368992.238,1.000,-0.002,0.003,0.005,-0.005,0.007,0.009
1747368992.240,1.000,-0.002,0.004,0.005,-0.005,0.007,0.009
1747368992.243,1.000,-0.002,0.004,0.005,-0.005,0.007,0.010
1747368992.246,1.000,-0.002,0.004,0.005,-0.005,0.007,0.010
1747368992.249,1.000,-0.002,0.004,0.005,-0.005,0.008,0.010
1747368992.251,1.000,-0.003,0.004,0.005,-0.005,0.008,0.010
1747368992.254,1.000,-0.003,0.004,0.005,-0.005,0.008,0.010
1747368992.257,1.000,-0.003,0.004,0.005,-0.005,0.008,0.011
1747368992.260,1.000,-0.003,0.004,0.005,-0.005,0.008,0.011
1747368992.263,1.000,-0.003,0.004,0.006,-0.005,0.008,0.011
1747368992.266,1.000,-0.003,0.004,0.006,-0.006,0.008,0.011
1747368992.269,1.000,-0.003,0.004,0.006,-0.006,0.009,0.011
1747368992.272,1.000,-0.003,0.004,0.006,-0.006,0.009,0.012
1747368992.274,1.000,-0.003,0.004,0.006,-0.006,0.009,0.012
1747368992.277,1.000,-0.003,0.005,0.006,-0.006,0.009,0.012
1747368992.279,1.000,-0.003,0.005,0.006,-0.006,0.009,0.012
1747368992.282,1.000,-0.003,0.005,0.006,-0.006,0.009,0.012
1747368992.285,1.000,-0.003,0.005,0.006,-0.006,0.009,0.013
1747368992.287,1.000,-0.003,0.005,0.006,-0.006,0.010,0.013
1747368992.290,1.000,-0.003,0.005,0.006,-0.006,0.010,0.013
1747368992.293,1.000,-0.003,0.005,0.007,-0.007,0.010,0.013
1747368992.296,1.000,-0.003,0.005,0.007,-0.007,0.010,0.013
1747368992.299,1.000,-0.003,0.005,0.007,-0.007,0.010,0.014
1747368992.302,1.000,-0.003,0.005,0.007,-0.007,0.010,0.014
1747368992.304,1.000,-0.004,0.005,0.007,-0.007,0.011,0.014
1747368992.307,1.000,-0.004,0.005,0.007,-0.007,0.011,0.014
1747368992.310,1.000,-0.004,0.005,0.007,-0.007,0.011,0.014
1747368992.313,1.000,-0.004,0.005,0.007,-0.007,0.011,0.015
1747368992.316,1.000,-0.004,0.006,0.007,-0.007,0.011,0.015
1747368992.319,1.000,-0.004,0.006,0.008,-0.007,0.011,0.015
1747368992.321,1.000,-0.004,0.006,0.008,-0.008,0.012,0.015
1747368992.324,1.000,-0.004,0.006,0.008,-0.008,0.012,0.015
1747368992.326,1.000,-0.004,0.006,0.008,-0.008,0.012,0.016
1747368992.330,1.000,-0.004,0.006,0.008,-0.008,0.012,0.016
1747368992.332,1.000,-0.004,0.006,0.008,-0.008,0.012,0.016
1747368992.335,1.000,-0.004,0.006,0.008,-0.008,0.012,0.016
1747368992.338,1.000,-0.004,0.006,0.008,-0.008,0.012,0.016
1747368992.340,1.000,-0.004,0.006,0.008,-0.008,0.013,0.017
1747368992.343,1.000,-0.004,0.006,0.008,-0.008,0.013,0.017
1747368992.346,1.000,-0.004,0.006,0.009,-0.008,0.013,0.017
1747368992.349,1.000,-0.004,0.006,0.009,-0.009,0.013,0.017
1747368992.351,1.000,-0.004,0.007,0.009,-0.009,0.013,0.017
1747368992.354,1.000,-0.004,0.007,0.009,-0.009,0.013,0.018
1747368992.357,1.000,-0.004,0.007,0.009,-0.009,0.013,0.018
1747368992.361,1.000,-0.005,0.007,0.009,-0.009,0.014,0.018
1747368992.364,1.000,-0.005,0.007,0.009,-0.009,0.014,0.018
1747368992.367,1.000,-0.005,0.007,0.009,-0.009,0.014,0.018
1747368992.370,1.000,-0.005,0.007,0.009,-0.009,0.014,0.019
1747368992.386,1.000,-0.005,0.007,0.010,-0.010,0.015,0.020
1747368992.389,1.000,-0.005,0.008,0.010,-0.010,0.015,0.020
1747368992.392,1.000,-0.005,0.008,0.010,-0.010,0.015,0.020
1747368992.395,1.000,-0.005,0.008,0.010,-0.010,0.016,0.021
1747368992.398,1.000,-0.005,0.008,0.010,-0.010,0.016,0.021
1747368992.401,1.000,-0.005,0.008,0.011,-0.010,0.016,0.021
1747368992.404,1.000,-0.005,0.008,0.011,-0.010,0.016,0.021
1747368992.407,1.000,-0.005,0.008,0.011,-0.011,0.016,0.021
1747368992.410,1.000,-0.005,0.008,0.011,-0.011,0.016,0.022
1747368992.414,1.000,-0.005,0.008,0.011,-0.011,0.017,0.022
1747368992.417,1.000,-0.006,0.008,0.011,-0.011,0.017,0.022
1747368992.420,1.000,-0.006,0.008,0.011,-0.011,0.017,0.022
1747368992.423,1.000,-0.006,0.008,0.011,-0.011,0.017,0.023
1747368992.426,1.000,-0.006,0.009,0.011,-0.011,0.017,0.023
1747368992.430,1.000,-0.006,0.009,0.012,-0.011,0.017,0.023
1747368992.433,1.000,-0.006,0.009,0.012,-0.011,0.018,0.023
1747368992.436,1.000,-0.006,0.009,0.012,-0.012,0.018,0.023
1747368992.484,1.000,-0.007,0.010,0.013,-0.013,0.020,0.027
1747368992.486,1.000,-0.007,0.010,0.014,-0.013,0.021,0.027
1747368992.489,1.000,-0.007,0.010,0.014,-0.013,0.021,0.027
1747368992.491,1.000,-0.007,0.010,0.014,-0.014,0.021,0.027
1747368992.493,1.000,-0.007,0.010,0.014,-0.014,0.021,0.028
1747368992.496,1.000,-0.007,0.010,0.014,-0.014,0.021,0.028
1747368992.498,1.000,-0.007,0.011,0.014,-0.014,0.021,0.028
1747368992.500,1.000,-0.007,0.011,0.014,-0.014,0.021,0.028
1747368992.503,1.000,-0.007,0.011,0.014,-0.014,0.022,0.028
1747368992.505,1.000,-0.007,0.011,0.014,-0.014,0.022,0.028
1747368992.507,1.000,-0.007,0.011,0.014,-0.014,0.022,0.029
1747368992.510,1.000,-0.007,0.011,0.014,-0.014,0.022,0.029
1747368992.512,1.000,-0.007,0.011,0.015,-0.014,0.022,0.029
1747368992.514,1.000,-0.007,0.011,0.015,-0.014,0.022,0.029
1747368992.517,1.000,-0.007,0.011,0.015,-0.014,0.022,0.029
1747368992.519,1.000,-0.007,0.011,0.015,-0.014,0.022,0.029
1747368992.521,1.000,-0.007,0.011,0.015,-0.015,0.023,0.030
1747368992.523,1.000,-0.007,0.011,0.015,-0.015,0.023,0.030
1747368992.525,1.000,-0.008,0.011,0.015,-0.015,0.023,0.030
1747368992.528,1.000,-0.008,0.011,0.015,-0.015,0.023,0.030
1747368992.530,1.000,-0.008,0.011,0.015,-0.015,0.023,0.030
1747368992.532,1.000,-0.008,0.011,0.015,-0.015,0.023,0.030
1747368992.535,1.000,-0.008,0.012,0.015,-0.015,0.023,0.030
1747368992.537,1.000,-0.008,0.012,0.015,-0.015,0.023,0.031
1747368992.539,1.000,-0.008,0.012,0.015,-0.015,0.024,0.031
1747368992.542,1.000,-0.008,0.012,0.016,-0.015,0.024,0.031
1747368992.544,1.000,-0.008,0.012,0.016,-0.015,0.024,0.031
1747368992.546,1.000,-0.008,0.012,0.016,-0.015,0.024,0.031
1747368992.548,1.000,-0.008,0.012,0.016,-0.016,0.024,0.031
1747368992.551,1.000,-0.008,0.012,0.016,-0.016,0.024,0.032
1747368992.554,1.000,-0.008,0.012,0.016,-0.016,0.024,0.032
1747368992.556,1.000,-0.008,0.012,0.016,-0.016,0.024,0.032
1747368992.558,1.000,-0.008,0.012,0.016,-0.016,0.025,0.032
1747368992.572,1.000,-0.008,0.013,0.017,-0.016,0.025,0.033
1747368992.574,1.000,-0.008,0.013,0.017,-0.016,0.025,0.033
1747368992.577,1.000,-0.008,0.013,0.017,-0.016,0.026,0.033
1747368992.579,1.000,-0.008,0.013,0.017,-0.017,0.026,0.034
1747368992.582,1.000,-0.009,0.013,0.017,-0.017,0.026,0.034
1747368992.584,1.000,-0.009,0.013,0.017,-0.017,0.026,0.034
1747368992.586,1.000,-0.009,0.013,0.017,-0.017,0.026,0.034
1747368992.589,1.000,-0.009,0.013,0.017,-0.017,0.026,0.034
1747368992.592,1.000,-0.009,0.013,0.017,-0.017,0.026,0.035
1747368992.594,1.000,-0.009,0.013,0.017,-0.017,0.027,0.035
1747368992.597,1.000,-0.009,0.013,0.018,-0.017,0.027,0.035
1747368992.599,1.000,-0.009,0.013,0.018,-0.017,0.027,0.035
1747368992.602,1.000,-0.009,0.013,0.018,-0.017,0.027,0.035
1747368992.604,1.000,-0.009,0.013,0.018,-0.017,0.027,0.035
1747368992.607,1.000,-0.009,0.013,0.018,-0.018,0.027,0.036
1747368992.610,1.000,-0.009,0.014,0.018,-0.018,0.027,0.036
1747368992.612,1.000,-0.009,0.014,0.018,-0.018,0.028,0.036
1747368992.615,1.000,-0.009,0.014,0.018,-0.018,0.028,0.036
1747368992.617,1.000,-0.009,0.014,0.018,-0.018,0.028,0.036
1747368992.621,1.000,-0.009,0.014,0.018,-0.018,0.028,0.037
1747368992.623,1.000,-0.009,0.014,0.018,-0.018,0.028,0.037
1747368992.626,1.000,-0.009,0.014,0.019,-0.018,0.028,0.037
1747368992.628,1.000,-0.009,0.014,0.019,-0.018,0.028,0.037
1747368992.631,1.000,-0.009,0.014,0.019,-0.018,0.029,0.037
1747368992.634,1.000,-0.009,0.014,0.019,-0.018,0.029,0.037
1747368992.636,1.000,-0.010,0.014,0.019,-0.019,0.029,0.038
1747368992.639,1.000,-0.010,0.014,0.019,-0.019,0.029,0.038
1747368992.642,1.000,-0.010,0.014,0.019,-0.019,0.029,0.038
1747368992.644,1.000,-0.010,0.014,0.019,-0.019,0.029,0.038
1747368992.647,1.000,-0.010,0.015,0.019,-0.019,0.029,0.038
1747368992.650,1.000,-0.010,0.015,0.019,-0.019,0.030,0.039
1747368992.652,1.000,-0.010,0.015,0.020,-0.019,0.030,0.039
1747368992.655,1.000,-0.010,0.015,0.020,-0.019,0.030,0.039
1747368992.658,1.000,-0.010,0.015,0.020,-0.019,0.030,0.039
1747368992.660,1.000,-0.010,0.015,0.020,-0.019,0.030,0.039
1747368992.663,1.000,-0.010,0.015,0.020,-0.019,0.030,0.040
1747368992.666,1.000,-0.010,0.015,0.020,-0.020,0.030,0.040
1747368992.668,1.000,-0.010,0.015,0.020,-0.020,0.031,0.040
1747368992.671,1.000,-0.010,0.015,0.020,-0.020,0.031,0.040
1747368992.674,1.000,-0.010,0.015,0.020,-0.020,0.031,0.040
1747368992.677,1.000,-0.010,0.015,0.020,-0.020,0.031,0.040
1747368992.680,1.000,-0.010,0.015,0.021,-0.020,0.031,0.041
1747368992.683,1.000,-0.010,0.016,0.021,-0.020,0.031,0.041
1747368992.686,1.000,-0.010,0.016,0.021,-0.020,0.032,0.041
1747368992.688,1.000,-0.010,0.016,0.021,-0.020,0.032,0.041
1747368992.691,1.000,-0.011,0.016,0.021,-0.020,0.032,0.041
1747368992.694,1.000,-0.011,0.016,0.021,-0.020,0.032,0.042
1747368992.697,1.000,-0.011,0.016,0.021,-0.021,0.032,0.042
1747368992.700,1.000,-0.011,0.016,0.021,-0.021,0.032,0.042
1747368992.703,1.000,-0.011,0.016,0.021,-0.021,0.033,0.042
1747368992.714,1.000,-0.011,0.016,0.022,-0.021,0.033,0.043
1747368992.717,1.000,-0.011,0.016,0.022,-0.021,0.033,0.043
1747368992.720,1.000,-0.011,0.017,0.022,-0.021,0.033,0.043
1747368992.723,1.000,-0.011,0.017,0.022,-0.021,0.034,0.044
1747368992.725,1.000,-0.011,0.017,0.022,-0.022,0.034,0.044
1747368992.728,1.000,-0.011,0.017,0.022,-0.022,0.034,0.044
1747368992.731,1.000,-0.011,0.017,0.022,-0.022,0.034,0.044
1747368992.734,1.000,-0.011,0.017,0.022,-0.022,0.034,0.044
1747368992.737,1.000,-0.011,0.017,0.023,-0.022,0.034,0.045
1747368992.740,1.000,-0.011,0.017,0.023,-0.022,0.035,0.045
1747368992.743,1.000,-0.011,0.017,0.023,-0.022,0.035,0.045
1747368992.745,1.000,-0.011,0.017,0.023,-0.022,0.035,0.045
1747368992.748,1.000,-0.012,0.017,0.023,-0.022,0.035,0.045
1747368992.752,1.000,-0.012,0.017,0.023,-0.022,0.035,0.046
1747368992.755,1.000,-0.012,0.017,0.023,-0.023,0.035,0.046
1747368992.758,1.000,-0.012,0.018,0.023,-0.023,0.036,0.046
1747368992.760,1.000,-0.012,0.018,0.023,-0.023,0.036,0.046
1747368992.763,0.999,-0.012,0.018,0.023,-0.023,0.036,0.046
1747368992.766,0.999,-0.012,0.018,0.024,-0.023,0.036,0.047
1747368992.769,0.999,-0.012,0.018,0.024,-0.023,0.036,0.047
1747368992.772,0.999,-0.012,0.018,0.024,-0.023,0.036,0.047
1747368992.775,0.999,-0.012,0.018,0.024,-0.023,0.037,0.047
1747368992.780,0.999,-0.012,0.018,0.024,-0.023,0.037,0.048
1747368992.783,0.999,-0.012,0.018,0.024,-0.023,0.037,0.048
1747368992.787,0.999,-0.012,0.018,0.024,-0.024,0.037,0.048
1747368992.789,0.999,-0.012,0.018,0.024,-0.024,0.037,0.048
1747368992.792,0.999,-0.012,0.018,0.024,-0.024,0.037,0.048
1747368992.794,0.999,-0.012,0.018,0.025,-0.024,0.038,0.049
1747368992.797,0.999,-0.012,0.019,0.025,-0.024,0.038,0.049
1747368992.800,0.999,-0.012,0.019,0.025,-0.024,0.038,0.049
1747368992.802,0.999,-0.013,0.019,0.025,-0.024,0.038,0.049
1747368992.805,0.999,-0.013,0.019,0.025,-0.024,0.038,0.049
1747368992.807,0.999,-0.013,0.019,0.025,-0.024,0.038,0.050
1747368992.810,0.999,-0.013,0.019,0.025,-0.024,0.038,0.050
1747368992.813,0.999,-0.013,0.019,0.025,-0.024,0.039,0.050
1747368992.816,0.999,-0.013,0.019,0.025,-0.025,0.039,0.050
1747368992.819,0.999,-0.013,0.019,0.025,-0.025,0.039,0.050
1747368992.821,0.999,-0.013,0.019,0.025,-0.025,0.039,0.050
1747368992.824,0.999,-0.013,0.019,0.026,-0.025,0.039,0.051
1747368992.827,0.999,-0.013,0.019,0.026,-0.025,0.039,0.051
1747368992.830,0.999,-0.013,0.019,0.026,-0.025,0.040,0.051
1747368992.832,0.999,-0.013,0.020,0.026,-0.025,0.040,0.051
1747368992.835,0.999,-0.013,0.020,0.026,-0.025,0.040,0.051
1747368992.838,0.999,-0.013,0.020,0.026,-0.025,0.040,0.052
1747368992.840,0.999,-0.013,0.020,0.026,-0.025,0.040,0.052
1747368992.843,0.999,-0.013,0.020,0.026,-0.025,0.040,0.052
1747368992.847,0.999,-0.013,0.020,0.026,-0.026,0.040,0.052
1747368992.849,0.999,-0.013,0.020,0.026,-0.026,0.041,0.052
1747368992.852,0.999,-0.013,0.020,0.027,-0.026,0.041,0.053
1747368992.855,0.999,-0.013,0.020,0.027,-0.026,0.041,0.053
1747368992.866,0.999,-0.014,0.020,0.027,-0.026,0.042,0.054
1747368992.869,0.999,-0.014,0.020,0.027,-0.026,0.042,0.054
1747368992.872,0.999,-0.014,0.021,0.027,-0.026,0.042,0.054
1747368992.875,0.999,-0.014,0.021,0.027,-0.027,0.042,0.054
1747368992.878,0.999,-0.014,0.021,0.027,-0.027,0.042,0.054
1747368992.881,0.999,-0.014,0.021,0.028,-0.027,0.042,0.055
1747368992.884,0.999,-0.014,0.021,0.028,-0.027,0.042,0.055
1747368992.886,0.999,-0.014,0.021,0.028,-0.027,0.043,0.055
1747368992.890,0.999,-0.014,0.021,0.028,-0.027,0.043,0.055
1747368992.893,0.999,-0.014,0.021,0.028,-0.027,0.043,0.055
1747368992.895,0.999,-0.014,0.021,0.028,-0.027,0.043,0.056
1747368992.898,0.999,-0.014,0.021,0.028,-0.027,0.043,0.056
1747368992.901,0.999,-0.014,0.021,0.028,-0.027,0.043,0.056
1747368992.903,0.999,-0.014,0.021,0.028,-0.027,0.044,0.056
1747368992.906,0.999,-0.014,0.021,0.028,-0.028,0.044,0.056
1747368992.908,0.999,-0.014,0.022,0.028,-0.028,0.044,0.056
1747368992.911,0.999,-0.014,0.022,0.029,-0.028,0.044,0.057
1747368992.914,0.999,-0.015,0.022,0.029,-0.028,0.044,0.057
1747368992.916,0.999,-0.015,0.022,0.029,-0.028,0.044,0.057
1747368992.919,0.999,-0.015,0.022,0.029,-0.028,0.044,0.057
1747368992.922,0.999,-0.015,0.022,0.029,-0.028,0.045,0.057
1747368992.925,0.999,-0.015,0.022,0.029,-0.028,0.045,0.057
1747368992.927,0.999,-0.015,0.022,0.029,-0.028,0.045,0.058
1747368992.930,0.999,-0.015,0.022,0.029,-0.028,0.045,0.058
1747368992.932,0.999,-0.015,0.022,0.029,-0.028,0.045,0.058
1747368992.934,0.999,-0.015,0.022,0.029,-0.028,0.045,0.058
1747368992.937,0.999,-0.015,0.022,0.029,-0.029,0.045,0.058
1747368992.939,0.999,-0.015,0.022,0.030,-0.029,0.046,0.058
1747368992.942,0.999,-0.015,0.022,0.030,-0.029,0.046,0.059
1747368992.944,0.999,-0.015,0.022,0.030,-0.029,0.046,0.059
1747368992.947,0.999,-0.015,0.023,0.030,-0.029,0.046,0.059
1747368992.950,0.999,-0.015,0.023,0.030,-0.029,0.046,0.059
1747368992.952,0.999,-0.015,0.023,0.030,-0.029,0.046,0.059
1747368992.954,0.999,-0.015,0.023,0.030,-0.029,0.046,0.059
1747368992.957,0.999,-0.015,0.023,0.030,-0.029,0.047,0.060
1747368992.959,0.999,-0.015,0.023,0.030,-0.029,0.047,0.060
1747368992.962,0.999,-0.015,0.023,0.030,-0.029,0.047,0.060
1747368992.964,0.999,-0.015,0.023,0.030,-0.029,0.047,0.060
1747368992.967,0.999,-0.015,0.023,0.030,-0.030,0.047,0.060
1747368992.969,0.999,-0.016,0.023,0.031,-0.030,0.047,0.060
1747368992.972,0.999,-0.016,0.023,0.031,-0.030,0.047,0.061
1747368992.975,0.999,-0.016,0.023,0.031,-0.030,0.047,0.061
1747368992.977,0.999,-0.016,0.023,0.031,-0.030,0.048,0.061
1747368992.979,0.999,-0.016,0.023,0.031,-0.030,0.048,0.061
1747368992.982,0.999,-0.016,0.023,0.031,-0.030,0.048,0.061
1747368992.984,0.999,-0.016,0.024,0.031,-0.030,0.048,0.061
1747368992.987,0.999,-0.016,0.024,0.031,-0.030,0.048,0.062
1747368992.989,0.999,-0.016,0.024,0.031,-0.030,0.048,0.062
1747368992.992,0.999,-0.016,0.024,0.031,-0.030,0.048,0.062
1747368992.994,0.999,-0.016,0.024,0.031,-0.030,0.049,0.062
1747368993.004,0.999,-0.016,0.024,0.032,-0.031,0.049,0.063
1747368993.007,0.999,-0.016,0.024,0.032,-0.031,0.049,0.063
1747368993.010,0.999,-0.016,0.024,0.032,-0.031,0.049,0.063
1747368993.012,0.999,-0.016,0.024,0.032,-0.031,0.050,0.063
1747368993.015,0.999,-0.016,0.024,0.032,-0.031,0.050,0.064
1747368993.018,0.999,-0.016,0.024,0.032,-0.031,0.050,0.064
1747368993.020,0.999,-0.016,0.024,0.032,-0.031,0.050,0.064
1747368993.023,0.999,-0.016,0.025,0.032,-0.031,0.050,0.064
1747368993.026,0.999,-0.017,0.025,0.033,-0.031,0.050,0.064
1747368993.028,0.999,-0.017,0.025,0.033,-0.032,0.050,0.064
1747368993.031,0.999,-0.017,0.025,0.033,-0.032,0.051,0.065
1747368993.033,0.999,-0.017,0.025,0.033,-0.032,0.051,0.065
1747368993.036,0.999,-0.017,0.025,0.033,-0.032,0.051,0.065
1747368993.039,0.999,-0.017,0.025,0.033,-0.032,0.051,0.065
1747368993.042,0.999,-0.017,0.025,0.033,-0.032,0.051,0.065
1747368993.044,0.999,-0.017,0.025,0.033,-0.032,0.051,0.065
1747368993.047,0.999,-0.017,0.025,0.033,-0.032,0.051,0.066
1747368993.050,0.999,-0.017,0.025,0.033,-0.032,0.052,0.066
1747368993.052,0.999,-0.017,0.025,0.033,-0.032,0.052,0.066
1747368993.055,0.999,-0.017,0.025,0.033,-0.032,0.052,0.066
1747368993.058,0.999,-0.017,0.025,0.034,-0.032,0.052,0.066
1747368993.060,0.999,-0.017,0.026,0.034,-0.033,0.052,0.067
1747368993.063,0.999,-0.017,0.026,0.034,-0.033,0.052,0.067
1747368993.066,0.999,-0.017,0.026,0.034,-0.033,0.052,0.067
1747368993.069,0.999,-0.017,0.026,0.034,-0.033,0.053,0.067
1747368993.072,0.999,-0.017,0.026,0.034,-0.033,0.053,0.067
1747368993.074,0.999,-0.017,0.026,0.034,-0.033,0.053,0.067
1747368993.077,0.999,-0.017,0.026,0.034,-0.033,0.053,0.068
1747368993.079,0.999,-0.017,0.026,0.034,-0.033,0.053,0.068
1747368993.082,0.999,-0.018,0.026,0.034,-0.033,0.053,0.068
1747368993.085,0.999,-0.018,0.026,0.034,-0.033,0.053,0.068
1747368993.087,0.999,-0.018,0.026,0.035,-0.033,0.054,0.068
1747368993.090,0.999,-0.018,0.026,0.035,-0.034,0.054,0.068
1747368993.093,0.999,-0.018,0.026,0.035,-0.034,0.054,0.069
1747368993.095,0.999,-0.018,0.026,0.035,-0.034,0.054,0.069
1747368993.099,0.999,-0.018,0.027,0.035,-0.034,0.054,0.069
1747368993.102,0.999,-0.018,0.027,0.035,-0.034,0.054,0.069
1747368993.104,0.999,-0.018,0.027,0.035,-0.034,0.055,0.069
1747368993.107,0.999,-0.018,0.027,0.035,-0.034,0.055,0.070
1747368993.110,0.999,-0.018,0.027,0.035,-0.034,0.055,0.070
1747368993.112,0.999,-0.018,0.027,0.035,-0.034,0.055,0.070
1747368993.115,0.999,-0.018,0.027,0.036,-0.034,0.055,0.070
1747368993.118,0.999,-0.018,0.027,0.036,-0.034,0.055,0.070
1747368993.121,0.999,-0.018,0.027,0.036,-0.035,0.055,0.071
1747368993.124,0.999,-0.018,0.027,0.036,-0.035,0.056,0.071
1747368993.127,0.999,-0.018,0.027,0.036,-0.035,0.056,0.071
1747368993.130,0.999,-0.018,0.027,0.036,-0.035,0.056,0.071
1747368993.133,0.999,-0.018,0.027,0.036,-0.035,0.056,0.071
1747368993.136,0.999,-0.018,0.027,0.036,-0.035,0.056,0.071
1747368993.139,0.999,-0.019,0.028,0.036,-0.035,0.056,0.072
1747368993.150,0.999,-0.019,0.028,0.037,-0.035,0.057,0.072
1747368993.153,0.999,-0.019,0.028,0.037,-0.036,0.057,0.073
1747368993.155,0.999,-0.019,0.028,0.037,-0.036,0.057,0.073
1747368993.158,0.999,-0.019,0.028,0.037,-0.036,0.057,0.073
1747368993.161,0.999,-0.019,0.028,0.037,-0.036,0.058,0.073
1747368993.164,0.999,-0.019,0.028,0.037,-0.036,0.058,0.073
1747368993.167,0.999,-0.019,0.028,0.037,-0.036,0.058,0.073
1747368993.171,0.999,-0.019,0.028,0.037,-0.036,0.058,0.074
1747368993.174,0.999,-0.019,0.028,0.037,-0.036,0.058,0.074
1747368993.177,0.999,-0.019,0.029,0.038,-0.036,0.058,0.074
1747368993.180,0.999,-0.019,0.029,0.038,-0.036,0.059,0.074
1747368993.183,0.999,-0.019,0.029,0.038,-0.036,0.059,0.074
1747368993.186,0.999,-0.019,0.029,0.038,-0.037,0.059,0.075
1747368993.189,0.999,-0.019,0.029,0.038,-0.037,0.059,0.075
1747368993.192,0.999,-0.019,0.029,0.038,-0.037,0.059,0.075
1747368993.195,0.999,-0.020,0.029,0.038,-0.037,0.059,0.075
1747368993.197,0.999,-0.020,0.029,0.038,-0.037,0.060,0.075
1747368993.201,0.999,-0.020,0.029,0.038,-0.037,0.060,0.076
1747368993.204,0.999,-0.020,0.029,0.038,-0.037,0.060,0.076
1747368993.207,0.999,-0.020,0.029,0.039,-0.037,0.060,0.076
1747368993.210,0.999,-0.020,0.029,0.039,-0.037,0.060,0.076
1747368993.213,0.999,-0.020,0.029,0.039,-0.037,0.060,0.076
1747368993.216,0.999,-0.020,0.030,0.039,-0.038,0.061,0.077
1747368993.218,0.999,-0.020,0.030,0.039,-0.038,0.061,0.077
1747368993.221,0.999,-0.020,0.030,0.039,-0.038,0.061,0.077
1747368993.224,0.999,-0.020,0.030,0.039,-0.038,0.061,0.077
1747368993.227,0.999,-0.020,0.030,0.039,-0.038,0.061,0.077
1747368993.230,0.999,-0.020,0.030,0.039,-0.038,0.061,0.078
1747368993.233,0.999,-0.020,0.030,0.039,-0.038,0.062,0.078
1747368993.237,0.999,-0.020,0.030,0.040,-0.038,0.062,0.078
1747368993.240,0.999,-0.020,0.030,0.040,-0.038,0.062,0.078
1747368993.243,0.999,-0.020,0.030,0.040,-0.038,0.062,0.078
1747368993.246,0.999,-0.020,0.030,0.040,-0.038,0.062,0.079
1747368993.249,0.999,-0.020,0.030,0.040,-0.039,0.062,0.079
1747368993.252,0.999,-0.021,0.030,0.040,-0.039,0.063,0.079
1747368993.255,0.999,-0.021,0.031,0.040,-0.039,0.063,0.079
1747368993.257,0.999,-0.021,0.031,0.040,-0.039,0.063,0.079
1747368993.260,0.999,-0.021,0.031,0.040,-0.039,0.063,0.079
1747368993.263,0.998,-0.021,0.031,0.040,-0.039,0.063,0.080
1747368993.266,0.998,-0.021,0.031,0.040,-0.039,0.063,0.080
1747368993.270,0.998,-0.021,0.031,0.041,-0.039,0.064,0.080
1747368993.273,0.998,-0.021,0.031,0.041,-0.039,0.064,0.080
1747368993.276,0.998,-0.021,0.031,0.041,-0.039,0.064,0.080
1747368993.279,0.998,-0.021,0.031,0.041,-0.040,0.064,0.081
1747368993.282,0.998,-0.021,0.031,0.041,-0.040,0.064,0.081
1747368993.284,0.998,-0.021,0.031,0.041,-0.040,0.064,0.081
1747368993.287,0.998,-0.021,0.031,0.041,-0.040,0.064,0.081
1747368993.290,0.998,-0.021,0.031,0.041,-0.040,0.065,0.081
1747368993.293,0.998,-0.021,0.032,0.041,-0.040,0.065,0.081
1747368993.296,0.998,-0.021,0.032,0.041,-0.040,0.065,0.082
1747368993.305,0.998,-0.021,0.032,0.042,-0.040,0.065,0.082
1747368993.308,0.998,-0.022,0.032,0.042,-0.040,0.066,0.082
1747368993.312,0.998,-0.022,0.032,0.042,-0.041,0.066,0.083
1747368993.315,0.998,-0.022,0.032,0.042,-0.041,0.066,0.083
1747368993.318,0.998,-0.022,0.032,0.042,-0.041,0.066,0.083
1747368993.321,0.998,-0.022,0.032,0.042,-0.041,0.066,0.083
1747368993.323,0.998,-0.022,0.032,0.042,-0.041,0.066,0.083
1747368993.326,0.998,-0.022,0.032,0.042,-0.041,0.067,0.084
1747368993.329,0.998,-0.022,0.032,0.043,-0.041,0.067,0.084
1747368993.332,0.998,-0.022,0.033,0.043,-0.041,0.067,0.084
1747368993.335,0.998,-0.022,0.033,0.043,-0.041,0.067,0.084
1747368993.338,0.998,-0.022,0.033,0.043,-0.041,0.067,0.084
1747368993.341,0.998,-0.022,0.033,0.043,-0.041,0.067,0.085
1747368993.345,0.998,-0.022,0.033,0.043,-0.042,0.068,0.085
1747368993.348,0.998,-0.022,0.033,0.043,-0.042,0.068,0.085
1747368993.351,0.998,-0.022,0.033,0.043,-0.042,0.068,0.085
1747368993.354,0.998,-0.022,0.033,0.043,-0.042,0.068,0.085
1747368993.357,0.998,-0.022,0.033,0.043,-0.042,0.068,0.085
1747368993.360,0.998,-0.022,0.033,0.044,-0.042,0.068,0.086
1747368993.363,0.998,-0.023,0.033,0.044,-0.042,0.069,0.086
1747368993.366,0.998,-0.023,0.033,0.044,-0.042,0.069,0.086
1747368993.369,0.998,-0.023,0.033,0.044,-0.042,0.069,0.086
1747368993.372,0.998,-0.023,0.034,0.044,-0.042,0.069,0.086
1747368993.375,0.998,-0.023,0.034,0.044,-0.042,0.069,0.087
1747368993.379,0.998,-0.023,0.034,0.044,-0.043,0.069,0.087
1747368993.382,0.998,-0.023,0.034,0.044,-0.043,0.070,0.087
1747368993.385,0.998,-0.023,0.034,0.044,-0.043,0.070,0.087
1747368993.388,0.998,-0.023,0.034,0.044,-0.043,0.070,0.087
1747368993.391,0.998,-0.023,0.034,0.044,-0.043,0.070,0.088
1747368993.394,0.998,-0.023,0.034,0.045,-0.043,0.070,0.088
1747368993.396,0.998,-0.023,0.034,0.045,-0.043,0.070,0.088
1747368993.400,0.998,-0.023,0.034,0.045,-0.043,0.070,0.088
1747368993.402,0.998,-0.023,0.034,0.045,-0.043,0.071,0.088
1747368993.405,0.998,-0.023,0.034,0.045,-0.043,0.071,0.088
1747368993.408,0.998,-0.023,0.034,0.045,-0.044,0.071,0.089
1747368993.412,0.998,-0.023,0.035,0.045,-0.044,0.071,0.089
1747368993.415,0.998,-0.023,0.035,0.045,-0.044,0.071,0.089
1747368993.418,0.998,-0.023,0.035,0.045,-0.044,0.071,0.089
1747368993.421,0.998,-0.024,0.035,0.045,-0.044,0.072,0.089
1747368993.424,0.998,-0.024,0.035,0.046,-0.044,0.072,0.090
1747368993.427,0.998,-0.024,0.035,0.046,-0.044,0.072,0.090
1747368993.430,0.998,-0.024,0.035,0.046,-0.044,0.072,0.090
1747368993.432,0.998,-0.024,0.035,0.046,-0.044,0.072,0.090
1747368993.435,0.998,-0.024,0.035,0.046,-0.044,0.072,0.090
1747368993.438,0.998,-0.024,0.035,0.046,-0.044,0.072,0.090
1747368993.449,0.998,-0.024,0.035,0.046,-0.045,0.073,0.091
1747368993.452,0.998,-0.024,0.036,0.046,-0.045,0.073,0.091
1747368993.455,0.998,-0.024,0.036,0.046,-0.045,0.073,0.091
1747368993.458,0.998,-0.024,0.036,0.047,-0.045,0.074,0.092
1747368993.460,0.998,-0.024,0.036,0.047,-0.045,0.074,0.092
1747368993.473,0.998,-0.024,0.036,0.047,-0.045,0.074,0.093
1747368993.476,0.998,-0.024,0.036,0.047,-0.046,0.074,0.093
1747368993.478,0.998,-0.025,0.036,0.047,-0.046,0.075,0.093
1747368993.481,0.998,-0.025,0.036,0.047,-0.046,0.075,0.093
1747368993.484,0.998,-0.025,0.036,0.047,-0.046,0.075,0.093
1747368993.487,0.998,-0.025,0.036,0.047,-0.046,0.075,0.093
1747368993.490,0.998,-0.025,0.037,0.048,-0.046,0.075,0.094
1747368993.493,0.998,-0.025,0.037,0.048,-0.046,0.075,0.094
1747368993.496,0.998,-0.025,0.037,0.048,-0.046,0.076,0.094
1747368993.499,0.998,-0.025,0.037,0.048,-0.046,0.076,0.094
1747368993.502,0.998,-0.025,0.037,0.048,-0.046,0.076,0.094
1747368993.505,0.998,-0.025,0.037,0.048,-0.046,0.076,0.094
1747368993.508,0.998,-0.025,0.037,0.048,-0.047,0.076,0.095
1747368993.511,0.998,-0.025,0.037,0.048,-0.047,0.076,0.095
1747368993.514,0.998,-0.025,0.037,0.048,-0.047,0.077,0.095
1747368993.517,0.998,-0.025,0.037,0.048,-0.047,0.077,0.095
1747368993.520,0.998,-0.025,0.037,0.048,-0.047,0.077,0.095
1747368993.522,0.998,-0.025,0.037,0.049,-0.047,0.077,0.095
1747368993.525,0.998,-0.025,0.037,0.049,-0.047,0.077,0.096
1747368993.529,0.998,-0.025,0.037,0.049,-0.047,0.077,0.096
1747368993.532,0.998,-0.025,0.038,0.049,-0.047,0.077,0.096
1747368993.535,0.998,-0.026,0.038,0.049,-0.047,0.078,0.096
1747368993.538,0.998,-0.026,0.038,0.049,-0.047,0.078,0.096
1747368993.541,0.998,-0.026,0.038,0.049,-0.048,0.078,0.097
1747368993.544,0.998,-0.026,0.038,0.049,-0.048,0.078,0.097
1747368993.547,0.998,-0.026,0.038,0.049,-0.048,0.078,0.097
1747368993.550,0.998,-0.026,0.038,0.049,-0.048,0.078,0.097
1747368993.553,0.998,-0.026,0.038,0.050,-0.048,0.079,0.097
1747368993.556,0.998,-0.026,0.038,0.050,-0.048,0.079,0.097
1747368993.559,0.998,-0.026,0.038,0.050,-0.048,0.079,0.098
1747368993.563,0.998,-0.026,0.038,0.050,-0.048,0.079,0.098
1747368993.566,0.998,-0.026,0.038,0.050,-0.048,0.079,0.098
1747368993.569,0.998,-0.026,0.038,0.050,-0.048,0.079,0.098
1747368993.572,0.998,-0.026,0.039,0.050,-0.048,0.080,0.098
1747368993.575,0.998,-0.026,0.039,0.050,-0.049,0.080,0.099
1747368993.578,0.998,-0.026,0.039,0.050,-0.049,0.080,0.099
1747368993.582,0.998,-0.026,0.039,0.050,-0.049,0.080,0.099
1747368993.585,0.998,-0.026,0.039,0.050,-0.049,0.080,0.099
1747368993.588,0.998,-0.026,0.039,0.051,-0.049,0.080,0.099
1747368993.591,0.998,-0.026,0.039,0.051,-0.049,0.081,0.099
1747368993.594,0.998,-0.027,0.039,0.051,-0.049,0.081,0.100
1747368993.599,0.998,-0.027,0.039,0.051,-0.049,0.081,0.100
1747368993.602,0.998,-0.027,0.039,0.051,-0.049,0.081,0.100
1747368993.605,0.998,-0.027,0.039,0.051,-0.049,0.081,0.100
1747368993.608,0.998,-0.027,0.039,0.051,-0.050,0.081,0.100
1747368993.611,0.998,-0.027,0.039,0.051,-0.050,0.082,0.101
1747368993.614,0.998,-0.027,0.040,0.051,-0.050,0.082,0.101
1747368993.618,0.998,-0.027,0.040,0.051,-0.050,0.082,0.101
1747368993.621,0.998,-0.027,0.040,0.052,-0.050,0.082,0.101
1747368993.624,0.998,-0.027,0.040,0.052,-0.050,0.082,0.101
1747368993.637,0.997,-0.027,0.040,0.052,-0.050,0.083,0.102
1747368993.640,0.997,-0.027,0.040,0.052,-0.051,0.083,0.102
1747368993.645,0.997,-0.027,0.040,0.052,-0.051,0.083,0.103
1747368993.648,0.997,-0.027,0.040,0.052,-0.051,0.084,0.103
1747368993.651,0.997,-0.028,0.040,0.052,-0.051,0.084,0.103
1747368993.654,0.997,-0.028,0.041,0.053,-0.051,0.084,0.103
1747368993.657,0.997,-0.028,0.041,0.053,-0.051,0.084,0.103
1747368993.661,0.997,-0.028,0.041,0.053,-0.051,0.084,0.103
1747368993.664,0.997,-0.028,0.041,0.053,-0.051,0.084,0.104
1747368993.667,0.997,-0.028,0.041,0.053,-0.051,0.085,0.104
1747368993.671,0.997,-0.028,0.041,0.053,-0.051,0.085,0.104
1747368993.674,0.997,-0.028,0.041,0.053,-0.052,0.085,0.104
1747368993.677,0.997,-0.028,0.041,0.053,-0.052,0.085,0.104
1747368993.681,0.997,-0.028,0.041,0.053,-0.052,0.085,0.105
1747368993.685,0.997,-0.028,0.041,0.053,-0.052,0.085,0.105
1747368993.688,0.997,-0.028,0.041,0.054,-0.052,0.086,0.105
1747368993.691,0.997,-0.028,0.041,0.054,-0.052,0.086,0.105
1747368993.694,0.997,-0.028,0.042,0.054,-0.052,0.086,0.105
1747368993.697,0.997,-0.028,0.042,0.054,-0.052,0.086,0.106
1747368993.701,0.997,-0.028,0.042,0.054,-0.052,0.086,0.106
1747368993.704,0.997,-0.028,0.042,0.054,-0.052,0.086,0.106
1747368993.707,0.997,-0.028,0.042,0.054,-0.052,0.087,0.106
1747368993.710,0.997,-0.029,0.042,0.054,-0.053,0.087,0.106
1747368993.713,0.997,-0.029,0.042,0.054,-0.053,0.087,0.106
1747368993.718,0.997,-0.029,0.042,0.054,-0.053,0.087,0.107
1747368993.721,0.997,-0.029,0.042,0.054,-0.053,0.087,0.107
1747368993.724,0.997,-0.029,0.042,0.055,-0.053,0.087,0.107
1747368993.727,0.997,-0.029,0.042,0.055,-0.053,0.088,0.107
1747368993.731,0.997,-0.029,0.042,0.055,-0.053,0.088,0.107
1747368993.734,0.997,-0.029,0.042,0.055,-0.053,0.088,0.108
1747368993.737,0.997,-0.029,0.043,0.055,-0.053,0.088,0.108
1747368993.740,0.997,-0.029,0.043,0.055,-0.053,0.088,0.108
1747368993.744,0.997,-0.029,0.043,0.055,-0.054,0.088,0.108
1747368993.747,0.997,-0.029,0.043,0.055,-0.054,0.089,0.108
1747368993.750,0.997,-0.029,0.043,0.055,-0.054,0.089,0.108
1747368993.755,0.997,-0.029,0.043,0.055,-0.054,0.089,0.109
1747368993.758,0.997,-0.029,0.043,0.056,-0.054,0.089,0.109
1747368993.761,0.997,-0.029,0.043,0.056,-0.054,0.089,0.109
1747368993.765,0.997,-0.029,0.043,0.056,-0.054,0.090,0.109
1747368993.768,0.997,-0.030,0.043,0.056,-0.054,0.090,0.109
1747368993.771,0.997,-0.030,0.043,0.056,-0.054,0.090,0.110
1747368993.775,0.997,-0.030,0.043,0.056,-0.054,0.090,0.110
1747368993.778,0.997,-0.030,0.044,0.056,-0.055,0.090,0.110
1747368993.781,0.997,-0.030,0.044,0.056,-0.055,0.090,0.110
1747368993.784,0.997,-0.030,0.044,0.056,-0.055,0.091,0.110
1747368993.788,0.997,-0.030,0.044,0.056,-0.055,0.091,0.111
1747368993.792,0.997,-0.030,0.044,0.057,-0.055,0.091,0.111
1747368993.795,0.997,-0.030,0.044,0.057,-0.055,0.091,0.111
1747368993.799,0.997,-0.030,0.044,0.057,-0.055,0.091,0.111
1747368993.802,0.997,-0.030,0.044,0.057,-0.055,0.091,0.111
1747368993.816,0.997,-0.030,0.044,0.057,-0.056,0.092,0.112
1747368993.819,0.997,-0.030,0.044,0.057,-0.056,0.092,0.112
1747368993.822,0.997,-0.030,0.045,0.057,-0.056,0.092,0.112
1747368993.826,0.997,-0.031,0.045,0.057,-0.056,0.093,0.113
1747368993.829,0.997,-0.031,0.045,0.058,-0.056,0.093,0.113
1747368993.832,0.997,-0.031,0.045,0.058,-0.056,0.093,0.113
1747368993.836,0.997,-0.031,0.045,0.058,-0.056,0.093,0.113
1747368993.840,0.997,-0.031,0.045,0.058,-0.056,0.093,0.113
1747368993.843,0.997,-0.031,0.045,0.058,-0.056,0.094,0.114
1747368993.846,0.997,-0.031,0.045,0.058,-0.057,0.094,0.114
1747368993.850,0.997,-0.031,0.045,0.058,-0.057,0.094,0.114
1747368993.853,0.997,-0.031,0.045,0.058,-0.057,0.094,0.114
1747368993.856,0.997,-0.031,0.045,0.058,-0.057,0.094,0.114
1747368993.859,0.997,-0.031,0.045,0.058,-0.057,0.094,0.114
1747368993.863,0.997,-0.031,0.046,0.058,-0.057,0.095,0.115
1747368993.866,0.997,-0.031,0.046,0.059,-0.057,0.095,0.115
1747368993.869,0.997,-0.031,0.046,0.059,-0.057,0.095,0.115
1747368993.873,0.997,-0.031,0.046,0.059,-0.057,0.095,0.115
1747368993.876,0.997,-0.031,0.046,0.059,-0.057,0.095,0.115
1747368993.881,0.997,-0.031,0.046,0.059,-0.058,0.095,0.115
1747368993.884,0.997,-0.032,0.046,0.059,-0.058,0.096,0.116
1747368993.887,0.997,-0.032,0.046,0.059,-0.058,0.096,0.116
1747368993.891,0.997,-0.032,0.046,0.059,-0.058,0.096,0.116
1747368993.894,0.997,-0.032,0.046,0.059,-0.058,0.096,0.116
1747368993.897,0.997,-0.032,0.046,0.059,-0.058,0.096,0.116
1747368993.901,0.997,-0.032,0.046,0.060,-0.058,0.096,0.117
1747368993.904,0.997,-0.032,0.046,0.060,-0.058,0.097,0.117
1747368993.907,0.997,-0.032,0.047,0.060,-0.058,0.097,0.117
1747368993.911,0.997,-0.032,0.047,0.060,-0.058,0.097,0.117
1747368993.914,0.997,-0.032,0.047,0.060,-0.059,0.097,0.117
1747368993.918,0.997,-0.032,0.047,0.060,-0.059,0.097,0.117
1747368993.921,0.997,-0.032,0.047,0.060,-0.059,0.097,0.118
1747368993.925,0.997,-0.032,0.047,0.060,-0.059,0.098,0.118
1747368993.928,0.997,-0.032,0.047,0.060,-0.059,0.098,0.118
1747368993.932,0.997,-0.032,0.047,0.060,-0.059,0.098,0.118
1747368993.935,0.997,-0.032,0.047,0.060,-0.059,0.098,0.118
1747368993.938,0.997,-0.032,0.047,0.061,-0.059,0.098,0.118
1747368993.942,0.997,-0.032,0.047,0.061,-0.059,0.098,0.119
1747368993.945,0.996,-0.033,0.047,0.061,-0.059,0.099,0.119
1747368993.948,0.996,-0.033,0.048,0.061,-0.059,0.099,0.119
1747368993.951,0.996,-0.033,0.048,0.061,-0.060,0.099,0.119
1747368993.956,0.996,-0.033,0.048,0.061,-0.060,0.099,0.119
1747368993.959,0.996,-0.033,0.048,0.061,-0.060,0.099,0.120
1747368993.962,0.996,-0.033,0.048,0.061,-0.060,0.100,0.120
1747368993.966,0.996,-0.033,0.048,0.061,-0.060,0.100,0.120
1747368993.969,0.996,-0.033,0.048,0.061,-0.060,0.100,0.120
1747368993.972,0.996,-0.033,0.048,0.061,-0.060,0.100,0.120
1747368993.976,0.996,-0.033,0.048,0.062,-0.060,0.100,0.120
1747368993.979,0.996,-0.033,0.048,0.062,-0.060,0.100,0.121
1747368993.983,0.996,-0.033,0.048,0.062,-0.060,0.101,0.121
1747368993.996,0.996,-0.033,0.049,0.062,-0.061,0.101,0.121
1747368993.999,0.996,-0.033,0.049,0.062,-0.061,0.101,0.122
1747368994.004,0.996,-0.034,0.049,0.062,-0.061,0.102,0.122
1747368994.007,0.996,-0.034,0.049,0.062,-0.061,0.102,0.122
1747368994.010,0.996,-0.034,0.049,0.062,-0.061,0.102,0.122
1747368994.014,0.996,-0.034,0.049,0.063,-0.061,0.102,0.122
1747368994.017,0.996,-0.034,0.049,0.063,-0.061,0.102,0.122
1747368994.021,0.996,-0.034,0.049,0.063,-0.062,0.102,0.123
1747368994.024,0.996,-0.034,0.049,0.063,-0.062,0.103,0.123
1747368994.028,0.996,-0.034,0.049,0.063,-0.062,0.103,0.123
1747368994.031,0.996,-0.034,0.049,0.063,-0.062,0.103,0.123
1747368994.035,0.996,-0.034,0.049,0.063,-0.062,0.103,0.123
1747368994.038,0.996,-0.034,0.050,0.063,-0.062,0.103,0.123
1747368994.042,0.996,-0.034,0.050,0.063,-0.062,0.103,0.124
1747368994.046,0.996,-0.034,0.050,0.063,-0.062,0.104,0.124
1747368994.049,0.996,-0.034,0.050,0.063,-0.062,0.104,0.124
1747368994.053,0.996,-0.034,0.050,0.064,-0.062,0.104,0.124
1747368994.056,0.996,-0.034,0.050,0.064,-0.063,0.104,0.124
1747368994.059,0.996,-0.034,0.050,0.064,-0.063,0.104,0.125
1747368994.063,0.996,-0.035,0.050,0.064,-0.063,0.104,0.125
1747368994.066,0.996,-0.035,0.050,0.064,-0.063,0.105,0.125
1747368994.069,0.996,-0.035,0.050,0.064,-0.063,0.105,0.125
1747368994.073,0.996,-0.035,0.050,0.064,-0.063,0.105,0.125
1747368994.076,0.996,-0.035,0.050,0.064,-0.063,0.105,0.125
1747368994.081,0.996,-0.035,0.051,0.064,-0.063,0.105,0.126
1747368994.084,0.996,-0.035,0.051,0.064,-0.063,0.105,0.126
1747368994.087,0.996,-0.035,0.051,0.064,-0.063,0.106,0.126
1747368994.091,0.996,-0.035,0.051,0.065,-0.064,0.106,0.126
1747368994.094,0.996,-0.035,0.051,0.065,-0.064,0.106,0.126
1747368994.097,0.996,-0.035,0.051,0.065,-0.064,0.106,0.126
1747368994.101,0.996,-0.035,0.051,0.065,-0.064,0.106,0.127
1747368994.104,0.996,-0.035,0.051,0.065,-0.064,0.106,0.127
1747368994.107,0.996,-0.035,0.051,0.065,-0.064,0.107,0.127
1747368994.111,0.996,-0.035,0.051,0.065,-0.064,0.107,0.127
1747368994.114,0.996,-0.035,0.051,0.065,-0.064,0.107,0.127
1747368994.118,0.996,-0.035,0.051,0.065,-0.064,0.107,0.127
1747368994.122,0.996,-0.035,0.051,0.065,-0.064,0.107,0.128
1747368994.125,0.996,-0.036,0.052,0.065,-0.064,0.107,0.128
1747368994.128,0.996,-0.036,0.052,0.066,-0.065,0.108,0.128
1747368994.132,0.996,-0.036,0.052,0.066,-0.065,0.108,0.128
1747368994.135,0.996,-0.036,0.052,0.066,-0.065,0.108,0.128
1747368994.139,0.996,-0.036,0.052,0.066,-0.065,0.108,0.128
1747368994.142,0.996,-0.036,0.052,0.066,-0.065,0.108,0.129
1747368994.145,0.996,-0.036,0.052,0.066,-0.065,0.108,0.129
1747368994.149,0.996,-0.036,0.052,0.066,-0.065,0.109,0.129
1747368994.152,0.996,-0.036,0.052,0.066,-0.065,0.109,0.129
1747368994.157,0.996,-0.036,0.052,0.066,-0.065,0.109,0.129
1747368994.160,0.996,-0.036,0.052,0.066,-0.065,0.109,0.129
1747368994.164,0.996,-0.036,0.052,0.066,-0.066,0.109,0.130
1747368994.167,0.996,-0.036,0.052,0.066,-0.066,0.110,0.130
1747368994.182,0.996,-0.036,0.053,0.067,-0.066,0.110,0.130
1747368994.185,0.996,-0.037,0.053,0.067,-0.066,0.110,0.131
1747368994.189,0.996,-0.037,0.053,0.067,-0.066,0.111,0.131
1747368994.192,0.996,-0.037,0.053,0.067,-0.066,0.111,0.131
1747368994.196,0.996,-0.037,0.053,0.067,-0.066,0.111,0.131
1747368994.199,0.996,-0.037,0.053,0.067,-0.067,0.111,0.131
1747368994.202,0.996,-0.037,0.053,0.067,-0.067,0.111,0.131
1747368994.251,0.995,-0.038,0.054,0.068,-0.068,0.114,0.134
1747368994.255,0.995,-0.038,0.054,0.069,-0.068,0.114,0.134
1747368994.258,0.995,-0.038,0.054,0.069,-0.068,0.114,0.134
1747368994.261,0.995,-0.038,0.055,0.069,-0.068,0.114,0.134
1747368994.264,0.995,-0.038,0.055,0.069,-0.068,0.114,0.134
1747368994.267,0.995,-0.038,0.055,0.069,-0.068,0.114,0.134
1747368994.270,0.995,-0.038,0.055,0.069,-0.069,0.114,0.134
1747368994.274,0.995,-0.038,0.055,0.069,-0.069,0.115,0.135
1747368994.278,0.995,-0.038,0.055,0.069,-0.069,0.115,0.135
1747368994.281,0.995,-0.038,0.055,0.069,-0.069,0.115,0.135
1747368994.285,0.995,-0.038,0.055,0.069,-0.069,0.115,0.135
1747368994.288,0.995,-0.038,0.055,0.069,-0.069,0.115,0.135
1747368994.291,0.995,-0.038,0.055,0.069,-0.069,0.115,0.135
1747368994.295,0.995,-0.038,0.055,0.070,-0.069,0.116,0.135
1747368994.298,0.995,-0.038,0.055,0.070,-0.069,0.116,0.136
1747368994.301,0.995,-0.038,0.055,0.070,-0.069,0.116,0.136
1747368994.305,0.995,-0.039,0.055,0.070,-0.069,0.116,0.136
1747368994.308,0.995,-0.039,0.056,0.070,-0.070,0.116,0.136
1747368994.312,0.995,-0.039,0.056,0.070,-0.070,0.116,0.136
1747368994.316,0.995,-0.039,0.056,0.070,-0.070,0.117,0.136
1747368994.320,0.995,-0.039,0.056,0.070,-0.070,0.117,0.137
1747368994.323,0.995,-0.039,0.056,0.070,-0.070,0.117,0.137
1747368994.326,0.995,-0.039,0.056,0.070,-0.070,0.117,0.137
1747368994.330,0.995,-0.039,0.056,0.070,-0.070,0.117,0.137
1747368994.333,0.995,-0.039,0.056,0.070,-0.070,0.117,0.137
1747368994.337,0.995,-0.039,0.056,0.070,-0.070,0.118,0.137
1747368994.340,0.995,-0.039,0.056,0.071,-0.070,0.118,0.137
1747368994.344,0.995,-0.039,0.056,0.071,-0.071,0.118,0.138
1747368994.347,0.995,-0.039,0.056,0.071,-0.071,0.118,0.138
1747368994.350,0.995,-0.039,0.056,0.071,-0.071,0.118,0.138
1747368994.354,0.995,-0.039,0.057,0.071,-0.071,0.118,0.138
1747368994.357,0.995,-0.039,0.057,0.071,-0.071,0.118,0.138
1747368994.361,0.995,-0.039,0.057,0.071,-0.071,0.119,0.138
1747368994.364,0.995,-0.039,0.057,0.071,-0.071,0.119,0.138
1747368994.367,0.995,-0.040,0.057,0.071,-0.071,0.119,0.139
1747368994.371,0.995,-0.040,0.057,0.071,-0.071,0.119,0.139
1747368994.374,0.995,-0.040,0.057,0.071,-0.071,0.119,0.139
1747368994.378,0.995,-0.040,0.057,0.071,-0.071,0.119,0.139
1747368994.381,0.995,-0.040,0.057,0.071,-0.072,0.120,0.139
1747368994.385,0.995,-0.040,0.057,0.072,-0.072,0.120,0.139
1747368994.388,0.995,-0.040,0.057,0.072,-0.072,0.120,0.139
1747368994.393,0.995,-0.040,0.057,0.072,-0.072,0.120,0.140
1747368994.396,0.995,-0.040,0.057,0.072,-0.072,0.120,0.140
1747368994.410,0.995,-0.040,0.058,0.072,-0.072,0.121,0.140
1747368994.414,0.995,-0.040,0.058,0.072,-0.072,0.121,0.140
1747368994.417,0.995,-0.040,0.058,0.072,-0.073,0.121,0.141
1747368994.421,0.995,-0.040,0.058,0.072,-0.073,0.121,0.141
1747368994.424,0.995,-0.040,0.058,0.072,-0.073,0.122,0.141
1747368994.428,0.995,-0.041,0.058,0.072,-0.073,0.122,0.141
1747368994.431,0.995,-0.041,0.058,0.073,-0.073,0.122,0.141
1747368994.435,0.995,-0.041,0.058,0.073,-0.073,0.122,0.141
1747368994.439,0.995,-0.041,0.058,0.073,-0.073,0.122,0.141
