timestamp,value
1747369027.322,-9.289,-3.628,0.838
1747369027.474,-9.231,-3.522,0.754
1747369027.475,-9.231,-3.521,0.754
1747369027.477,-9.230,-3.520,0.753
1747369027.478,-9.230,-3.519,0.752
1747369027.480,-9.229,-3.518,0.751
1747369027.481,-9.228,-3.517,0.750
1747369027.482,-9.228,-3.515,0.750
1747369027.484,-9.227,-3.514,0.749
1747369027.485,-9.227,-3.513,0.748
1747369027.487,-9.226,-3.512,0.747
1747369027.488,-9.226,-3.511,0.746
1747369027.490,-9.225,-3.510,0.746
1747369027.491,-9.225,-3.509,0.745
1747369027.493,-9.224,-3.508,0.744
1747369027.494,-9.223,-3.507,0.743
1747369027.496,-9.223,-3.506,0.742
1747369027.497,-9.222,-3.505,0.741
1747369027.499,-9.222,-3.504,0.741
1747369027.500,-9.221,-3.503,0.740
1747369027.502,-9.220,-3.502,0.739
1747369027.503,-9.220,-3.501,0.738
1747369027.505,-9.219,-3.500,0.737
1747369027.506,-9.219,-3.499,0.736
1747369027.508,-9.218,-3.497,0.736
1747369027.509,-9.218,-3.496,0.735
1747369027.511,-9.217,-3.495,0.734
1747369027.512,-9.216,-3.494,0.733
1747369027.514,-9.216,-3.493,0.732
1747369027.515,-9.215,-3.492,0.731
1747369027.517,-9.215,-3.491,0.730
1747369027.518,-9.214,-3.490,0.730
1747369027.520,-9.213,-3.489,0.729
1747369027.522,-9.213,-3.488,0.728
1747369027.523,-9.212,-3.486,0.727
1747369027.525,-9.212,-3.485,0.726
1747369027.526,-9.211,-3.484,0.725
1747369027.528,-9.210,-3.483,0.724
1747369027.529,-9.210,-3.482,0.723
1747369027.531,-9.209,-3.481,0.723
1747369027.533,-9.209,-3.480,0.722
1747369027.534,-9.208,-3.479,0.721
1747369027.536,-9.207,-3.477,0.720
1747369027.537,-9.207,-3.476,0.719
1747369027.539,-9.206,-3.475,0.718
1747369027.540,-9.205,-3.474,0.717
1747369027.542,-9.205,-3.473,0.716
1747369027.544,-9.204,-3.472,0.715
1747369027.545,-9.204,-3.471,0.715
1747369027.547,-9.203,-3.469,0.714
1747369027.561,-9.197,-3.459,0.706
1747369027.563,-9.197,-3.458,0.705
1747369027.565,-9.196,-3.457,0.704
1747369027.566,-9.195,-3.455,0.703
1747369027.568,-9.195,-3.454,0.702
1747369027.570,-9.194,-3.453,0.701
1747369027.571,-9.193,-3.452,0.700
1747369027.573,-9.193,-3.451,0.699
1747369027.575,-9.192,-3.449,0.698
1747369027.576,-9.191,-3.448,0.697
1747369027.578,-9.191,-3.447,0.696
1747369027.580,-9.190,-3.446,0.695
1747369027.581,-9.189,-3.445,0.694
1747369027.583,-9.189,-3.443,0.693
1747369027.585,-9.188,-3.442,0.692
1747369027.586,-9.187,-3.441,0.692
1747369027.588,-9.187,-3.440,0.691
1747369027.590,-9.186,-3.438,0.690
1747369027.592,-9.185,-3.437,0.689
1747369027.593,-9.185,-3.436,0.688
1747369027.595,-9.184,-3.434,0.687
1747369027.597,-9.183,-3.433,0.686
1747369027.599,-9.183,-3.432,0.685
1747369027.600,-9.182,-3.431,0.684
1747369027.602,-9.181,-3.429,0.683
1747369027.604,-9.180,-3.428,0.682
1747369027.606,-9.180,-3.427,0.681
1747369027.608,-9.179,-3.425,0.680
1747369027.609,-9.178,-3.424,0.679
1747369027.611,-9.178,-3.423,0.678
1747369027.613,-9.177,-3.421,0.677
1747369027.615,-9.176,-3.420,0.676
1747369027.616,-9.175,-3.419,0.675
1747369027.618,-9.175,-3.418,0.674
1747369027.620,-9.174,-3.416,0.673
1747369027.622,-9.173,-3.415,0.672
1747369027.624,-9.173,-3.414,0.670
1747369027.625,-9.172,-3.412,0.669
1747369027.627,-9.171,-3.411,0.668
1747369027.629,-9.171,-3.410,0.667
1747369027.631,-9.170,-3.408,0.666
1747369027.633,-9.169,-3.407,0.665
1747369027.635,-9.168,-3.406,0.664
1747369027.636,-9.168,-3.404,0.663
1747369027.638,-9.167,-3.403,0.662
1747369027.640,-9.166,-3.402,0.661
1747369027.642,-9.165,-3.400,0.660
1747369027.644,-9.165,-3.399,0.659
1747369027.646,-9.164,-3.398,0.658
1747369027.647,-9.163,-3.396,0.657
1747369027.671,-9.154,-3.379,0.644
1747369027.673,-9.153,-3.377,0.642
1747369027.676,-9.152,-3.375,0.641
1747369027.679,-9.150,-3.373,0.639
1747369027.683,-9.149,-3.370,0.637
1747369027.687,-9.147,-3.367,0.635
1747369027.691,-9.145,-3.364,0.632
1747369027.694,-9.144,-3.362,0.631
1747369027.697,-9.143,-3.360,0.629
1747369027.700,-9.142,-3.357,0.627
1747369027.704,-9.140,-3.355,0.625
1747369027.706,-9.140,-3.353,0.624
1747369027.708,-9.139,-3.352,0.623
1747369027.710,-9.138,-3.350,0.622
1747369027.712,-9.137,-3.349,0.620
1747369027.713,-9.136,-3.347,0.619
1747369027.715,-9.136,-3.346,0.618
1747369027.718,-9.135,-3.344,0.617
1747369027.719,-9.134,-3.343,0.616
1747369027.721,-9.133,-3.342,0.615
1747369027.723,-9.133,-3.341,0.614
1747369027.725,-9.132,-3.339,0.613
1747369027.726,-9.131,-3.338,0.612
1747369027.728,-9.131,-3.337,0.611
1747369027.730,-9.130,-3.335,0.610
1747369027.731,-9.129,-3.334,0.609
1747369027.733,-9.128,-3.333,0.608
1747369027.735,-9.128,-3.331,0.607
1747369027.737,-9.127,-3.330,0.606
1747369027.739,-9.126,-3.329,0.605
1747369027.740,-9.125,-3.327,0.604
1747369027.742,-9.125,-3.326,0.603
1747369027.744,-9.124,-3.325,0.602
1747369027.745,-9.123,-3.324,0.601
1747369027.747,-9.123,-3.322,0.600
1747369027.749,-9.122,-3.321,0.599
1747369027.751,-9.121,-3.320,0.598
1747369027.752,-9.121,-3.318,0.597
1747369027.754,-9.120,-3.317,0.596
1747369027.756,-9.119,-3.316,0.595
1747369027.758,-9.118,-3.314,0.594
1747369027.759,-9.118,-3.313,0.593
1747369027.761,-9.117,-3.312,0.592
1747369027.763,-9.116,-3.310,0.591
1747369027.765,-9.115,-3.309,0.590
1747369027.767,-9.115,-3.308,0.589
1747369027.769,-9.114,-3.306,0.588
1747369027.771,-9.113,-3.305,0.587
1747369027.772,-9.112,-3.303,0.586
1747369027.774,-9.112,-3.302,0.585
1747369027.784,-9.108,-3.295,0.579
1747369027.786,-9.107,-3.293,0.578
1747369027.788,-9.106,-3.292,0.577
1747369027.789,-9.105,-3.291,0.576
1747369027.791,-9.105,-3.289,0.575
1747369027.793,-9.104,-3.288,0.574
1747369027.794,-9.103,-3.287,0.573
1747369027.796,-9.102,-3.286,0.572
1747369027.798,-9.102,-3.284,0.571
1747369027.800,-9.101,-3.283,0.570
1747369027.802,-9.100,-3.281,0.569
1747369027.804,-9.099,-3.280,0.568
1747369027.805,-9.099,-3.279,0.567
1747369027.807,-9.098,-3.277,0.566
1747369027.809,-9.097,-3.276,0.565
1747369027.810,-9.097,-3.275,0.564
1747369027.812,-9.096,-3.273,0.563
1747369027.814,-9.095,-3.272,0.562
1747369027.816,-9.094,-3.271,0.561
1747369027.818,-9.093,-3.269,0.559
1747369027.820,-9.093,-3.268,0.558
1747369027.822,-9.092,-3.266,0.557
1747369027.824,-9.091,-3.265,0.556
1747369027.826,-9.090,-3.263,0.555
1747369027.828,-9.089,-3.262,0.554
1747369027.829,-9.089,-3.260,0.553
1747369027.831,-9.088,-3.259,0.552
1747369027.833,-9.087,-3.257,0.551
1747369027.835,-9.086,-3.256,0.550
1747369027.837,-9.085,-3.255,0.548
1747369027.839,-9.085,-3.253,0.547
1747369027.841,-9.084,-3.251,0.546
1747369027.843,-9.083,-3.250,0.545
1747369027.845,-9.082,-3.248,0.544
1747369027.847,-9.081,-3.247,0.543
1747369027.849,-9.080,-3.245,0.542
1747369027.851,-9.080,-3.244,0.540
1747369027.853,-9.079,-3.242,0.539
1747369027.855,-9.078,-3.241,0.538
1747369027.857,-9.077,-3.239,0.537
1747369027.859,-9.076,-3.238,0.536
1747369027.862,-9.075,-3.236,0.534
1747369027.864,-9.074,-3.234,0.533
1747369027.866,-9.074,-3.233,0.532
1747369027.868,-9.073,-3.231,0.531
1747369027.870,-9.072,-3.230,0.530
1747369027.872,-9.071,-3.228,0.528
1747369027.874,-9.070,-3.227,0.527
1747369027.876,-9.069,-3.225,0.526
1747369027.878,-9.068,-3.223,0.525
1747369027.888,-9.064,-3.216,0.519
1747369027.890,-9.063,-3.214,0.518
1747369027.892,-9.062,-3.213,0.517
1747369027.894,-9.061,-3.211,0.515
1747369027.896,-9.061,-3.210,0.514
1747369027.898,-9.060,-3.208,0.513
1747369027.900,-9.059,-3.206,0.512
1747369027.902,-9.058,-3.205,0.511
1747369027.904,-9.057,-3.203,0.510
1747369027.906,-9.056,-3.202,0.509
1747369027.908,-9.056,-3.200,0.507
1747369027.910,-9.055,-3.199,0.506
1747369027.912,-9.054,-3.197,0.505
1747369027.914,-9.053,-3.196,0.504
1747369027.916,-9.052,-3.194,0.503
1747369027.918,-9.051,-3.193,0.502
1747369027.920,-9.051,-3.191,0.500
1747369027.922,-9.050,-3.190,0.499
1747369027.924,-9.049,-3.188,0.498
1747369027.926,-9.048,-3.186,0.497
1747369027.928,-9.047,-3.185,0.496
1747369027.931,-9.046,-3.183,0.494
1747369027.933,-9.045,-3.182,0.493
1747369027.935,-9.044,-3.180,0.492
1747369027.937,-9.043,-3.178,0.491
1747369027.939,-9.042,-3.177,0.489
1747369027.941,-9.042,-3.175,0.488
1747369027.943,-9.041,-3.173,0.487
1747369027.945,-9.040,-3.172,0.486
1747369027.947,-9.039,-3.170,0.485
1747369027.949,-9.038,-3.169,0.483
1747369027.951,-9.037,-3.167,0.482
1747369027.953,-9.036,-3.166,0.481
1747369027.956,-9.035,-3.164,0.480
1747369027.958,-9.034,-3.162,0.479
1747369027.960,-9.034,-3.161,0.477
1747369027.962,-9.033,-3.159,0.476
1747369027.964,-9.032,-3.157,0.475
1747369027.966,-9.031,-3.156,0.474
1747369027.968,-9.030,-3.154,0.473
1747369027.970,-9.029,-3.153,0.472
1747369027.972,-9.028,-3.151,0.470
1747369027.974,-9.027,-3.150,0.469
1747369027.976,-9.027,-3.148,0.468
1747369027.978,-9.026,-3.146,0.467
1747369027.980,-9.025,-3.145,0.466
1747369027.983,-9.024,-3.143,0.464
1747369027.985,-9.023,-3.141,0.463
1747369027.987,-9.022,-3.140,0.462
1747369027.989,-9.021,-3.138,0.460
1747369027.998,-9.017,-3.131,0.455
1747369028.001,-9.016,-3.129,0.454
1747369028.003,-9.015,-3.127,0.452
1747369028.005,-9.014,-3.126,0.451
1747369028.007,-9.013,-3.124,0.450
1747369028.009,-9.012,-3.122,0.449
1747369028.011,-9.011,-3.121,0.447
1747369028.013,-9.011,-3.119,0.446
1747369028.016,-9.010,-3.117,0.445
1747369028.018,-9.009,-3.115,0.444
1747369028.020,-9.008,-3.114,0.442
1747369028.022,-9.007,-3.112,0.441
1747369028.024,-9.006,-3.111,0.440
1747369028.026,-9.005,-3.109,0.439
1747369028.028,-9.004,-3.107,0.437
1747369028.030,-9.003,-3.106,0.436
1747369028.032,-9.002,-3.104,0.435
1747369028.034,-9.001,-3.102,0.434
1747369028.037,-9.000,-3.101,0.432
1747369028.039,-8.999,-3.099,0.431
1747369028.041,-8.998,-3.097,0.430
1747369028.044,-8.997,-3.095,0.428
1747369028.046,-8.996,-3.093,0.427
1747369028.048,-8.995,-3.092,0.426
1747369028.050,-8.994,-3.090,0.424
1747369028.053,-8.993,-3.088,0.423
1747369028.055,-8.992,-3.086,0.422
1747369028.057,-8.991,-3.084,0.420
1747369028.059,-8.990,-3.083,0.419
1747369028.062,-8.989,-3.081,0.418
1747369028.064,-8.988,-3.079,0.416
1747369028.066,-8.987,-3.077,0.415
1747369028.069,-8.986,-3.075,0.414
1747369028.071,-8.985,-3.074,0.412
1747369028.073,-8.984,-3.072,0.411
1747369028.075,-8.983,-3.070,0.410
1747369028.077,-8.982,-3.068,0.408
1747369028.080,-8.981,-3.067,0.407
1747369028.082,-8.981,-3.065,0.406
1747369028.084,-8.980,-3.063,0.405
1747369028.086,-8.979,-3.061,0.403
1747369028.089,-8.977,-3.059,0.402
1747369028.091,-8.976,-3.057,0.400
1747369028.094,-8.975,-3.056,0.399
1747369028.096,-8.974,-3.054,0.398
1747369028.099,-8.973,-3.052,0.396
1747369028.101,-8.972,-3.050,0.395
1747369028.103,-8.971,-3.048,0.393
1747369028.106,-8.970,-3.046,0.392
1747369028.108,-8.969,-3.044,0.391
1747369028.118,-8.965,-3.036,0.385
1747369028.120,-8.964,-3.034,0.383
1747369028.123,-8.962,-3.032,0.382
1747369028.125,-8.961,-3.030,0.380
1747369028.128,-8.960,-3.029,0.379
1747369028.130,-8.959,-3.027,0.377
1747369028.133,-8.958,-3.025,0.376
1747369028.135,-8.957,-3.023,0.375
1747369028.137,-8.956,-3.021,0.373
1747369028.140,-8.955,-3.019,0.372
1747369028.142,-8.954,-3.017,0.370
1747369028.145,-8.953,-3.015,0.369
1747369028.147,-8.952,-3.013,0.367
1747369028.150,-8.950,-3.011,0.366
1747369028.152,-8.949,-3.009,0.364
1747369028.155,-8.948,-3.007,0.363
1747369028.157,-8.947,-3.005,0.361
1747369028.160,-8.946,-3.003,0.360
1747369028.162,-8.945,-3.001,0.359
1747369028.165,-8.944,-2.999,0.357
1747369028.167,-8.943,-2.997,0.356
1747369028.170,-8.942,-2.995,0.354
1747369028.172,-8.940,-2.993,0.353
1747369028.175,-8.939,-2.991,0.351
1747369028.178,-8.938,-2.989,0.349
1747369028.180,-8.937,-2.987,0.348
1747369028.183,-8.936,-2.985,0.346
1747369028.186,-8.934,-2.982,0.345
1747369028.188,-8.933,-2.980,0.343
1747369028.191,-8.932,-2.978,0.342
1747369028.193,-8.931,-2.976,0.340
1747369028.196,-8.930,-2.974,0.339
1747369028.198,-8.929,-2.972,0.337
1747369028.201,-8.927,-2.970,0.335
1747369028.204,-8.926,-2.968,0.334
1747369028.211,-8.923,-2.962,0.330
1747369028.215,-8.921,-2.959,0.327
1747369028.220,-8.919,-2.955,0.325
1747369028.224,-8.917,-2.951,0.322
1747369028.228,-8.915,-2.949,0.320
1747369028.233,-8.913,-2.944,0.317
1747369028.235,-8.912,-2.942,0.315
1747369028.240,-8.910,-2.939,0.313
1747369028.243,-8.909,-2.936,0.311
1747369028.245,-8.907,-2.934,0.310
1747369028.248,-8.906,-2.932,0.308
1747369028.250,-8.905,-2.930,0.306
1747369028.253,-8.904,-2.928,0.305
1747369028.255,-8.903,-2.926,0.304
1747369028.258,-8.902,-2.924,0.302
1747369028.278,-8.893,-2.908,0.290
1747369028.281,-8.891,-2.905,0.288
1747369028.283,-8.890,-2.904,0.287
1747369028.285,-8.889,-2.902,0.286
1747369028.288,-8.888,-2.900,0.284
1747369028.290,-8.887,-2.898,0.283
1747369028.292,-8.886,-2.896,0.282
1747369028.295,-8.885,-2.894,0.280
1747369028.297,-8.884,-2.892,0.279
1747369028.299,-8.883,-2.891,0.278
1747369028.301,-8.882,-2.889,0.276
1747369028.303,-8.881,-2.887,0.275
1747369028.305,-8.880,-2.885,0.274
1747369028.308,-8.879,-2.884,0.272
1747369028.310,-8.878,-2.882,0.271
1747369028.312,-8.877,-2.880,0.270
1747369028.314,-8.876,-2.878,0.269
1747369028.317,-8.875,-2.876,0.267
1747369028.319,-8.874,-2.874,0.266
1747369028.321,-8.873,-2.872,0.264
1747369028.334,-8.867,-2.862,0.257
1747369028.337,-8.865,-2.859,0.255
1747369028.341,-8.864,-2.856,0.253
1747369028.351,-8.859,-2.848,0.247
1747369028.354,-8.858,-2.846,0.245
1747369028.392,-8.840,-2.815,0.223
1747369028.411,-8.831,-2.798,0.211
1747369028.414,-8.830,-2.796,0.209
1747369028.416,-8.829,-2.794,0.208
1747369028.418,-8.827,-2.792,0.206
1747369028.425,-8.824,-2.787,0.203
1747369028.431,-8.821,-2.782,0.199
1747369028.433,-8.820,-2.780,0.197
1747369028.436,-8.819,-2.778,0.196
1747369028.438,-8.818,-2.776,0.195
1747369028.440,-8.817,-2.774,0.194
1747369028.442,-8.816,-2.772,0.192
1747369028.447,-8.814,-2.769,0.190
1747369028.449,-8.813,-2.767,0.188
1747369028.452,-8.812,-2.764,0.186
1747369028.454,-8.810,-2.762,0.185
1747369028.457,-8.809,-2.760,0.184
1747369028.459,-8.808,-2.758,0.182
1747369028.461,-8.807,-2.757,0.181
1747369028.464,-8.806,-2.755,0.179
1747369028.466,-8.805,-2.753,0.178
1747369028.468,-8.804,-2.751,0.177
1747369028.470,-8.803,-2.749,0.176
1747369028.472,-8.802,-2.747,0.174
1747369028.475,-8.801,-2.745,0.173
1747369028.484,-8.797,-2.738,0.167
1747369028.486,-8.795,-2.736,0.166
1747369028.488,-8.794,-2.734,0.165
1747369028.491,-8.793,-2.732,0.163
1747369028.493,-8.792,-2.730,0.162
1747369028.495,-8.791,-2.729,0.161
1747369028.497,-8.790,-2.727,0.159
1747369028.499,-8.789,-2.725,0.158
1747369028.502,-8.788,-2.723,0.157
1747369028.504,-8.787,-2.721,0.155
1747369028.506,-8.786,-2.719,0.154
1747369028.508,-8.785,-2.717,0.153
1747369028.511,-8.784,-2.715,0.151
1747369028.513,-8.783,-2.714,0.150
1747369028.515,-8.782,-2.712,0.149
1747369028.517,-8.781,-2.710,0.147
1747369028.519,-8.780,-2.708,0.146
1747369028.522,-8.778,-2.706,0.145
1747369028.524,-8.777,-2.704,0.143
1747369028.526,-8.776,-2.702,0.142
1747369028.528,-8.775,-2.701,0.141
1747369028.531,-8.774,-2.699,0.139
1747369028.534,-8.773,-2.696,0.138
1747369028.536,-8.772,-2.694,0.136
1747369028.538,-8.770,-2.692,0.135
1747369028.541,-8.769,-2.690,0.133
1747369028.543,-8.768,-2.688,0.132
1747369028.546,-8.767,-2.686,0.130
1747369028.548,-8.766,-2.684,0.129
1747369028.551,-8.764,-2.681,0.127
1747369028.554,-8.763,-2.679,0.126
1747369028.556,-8.762,-2.677,0.124
1747369028.559,-8.761,-2.675,0.123
1747369028.562,-8.759,-2.672,0.121
1747369028.564,-8.758,-2.670,0.119
1747369028.567,-8.757,-2.668,0.118
1747369028.570,-8.755,-2.666,0.116
1747369028.572,-8.754,-2.663,0.114
1747369028.575,-8.753,-2.661,0.113
1747369028.577,-8.752,-2.659,0.111
1747369028.580,-8.750,-2.657,0.110
1747369028.583,-8.749,-2.655,0.108
1747369028.585,-8.748,-2.652,0.107
1747369028.588,-8.747,-2.650,0.105
1747369028.591,-8.745,-2.647,0.103
1747369028.594,-8.744,-2.645,0.102
1747369028.596,-8.742,-2.643,0.100
1747369028.599,-8.741,-2.641,0.098
1747369028.602,-8.740,-2.638,0.097
1747369028.604,-8.739,-2.636,0.095
1747369028.615,-8.733,-2.627,0.089
1747369028.618,-8.732,-2.625,0.087
1747369028.620,-8.731,-2.623,0.086
1747369028.623,-8.729,-2.620,0.084
1747369028.626,-8.728,-2.618,0.082
1747369028.629,-8.726,-2.615,0.080
1747369028.632,-8.725,-2.613,0.079
1747369028.634,-8.724,-2.611,0.077
1747369028.637,-8.723,-2.608,0.076
1747369028.640,-8.721,-2.606,0.074
1747369028.643,-8.720,-2.604,0.072
1747369028.645,-8.719,-2.601,0.071
1747369028.648,-8.717,-2.599,0.069
1747369028.651,-8.716,-2.597,0.067
1747369028.653,-8.715,-2.594,0.066
1747369028.656,-8.713,-2.592,0.064
1747369028.660,-8.712,-2.589,0.062
1747369028.662,-8.710,-2.587,0.060
1747369028.665,-8.709,-2.584,0.059
1747369028.668,-8.708,-2.582,0.057
1747369028.670,-8.706,-2.580,0.056
1747369028.673,-8.705,-2.578,0.054
1747369028.675,-8.704,-2.576,0.053
1747369028.678,-8.703,-2.574,0.051
1747369028.680,-8.701,-2.572,0.050
1747369028.683,-8.700,-2.569,0.048
1747369028.685,-8.699,-2.567,0.047
1747369028.689,-8.697,-2.564,0.044
1747369028.692,-8.696,-2.561,0.043
1747369028.695,-8.694,-2.559,0.041
1747369028.698,-8.693,-2.556,0.039
1747369028.701,-8.691,-2.554,0.038
1747369028.703,-8.690,-2.551,0.036
1747369028.706,-8.688,-2.549,0.034
1747369028.709,-8.687,-2.547,0.032
1747369028.712,-8.686,-2.544,0.031
1747369028.715,-8.684,-2.542,0.029
1747369028.718,-8.683,-2.539,0.027
1747369028.722,-8.681,-2.536,0.025
1747369028.725,-8.679,-2.533,0.023
1747369028.728,-8.678,-2.530,0.021
1747369028.731,-8.676,-2.528,0.019
1747369028.734,-8.675,-2.525,0.018
1747369028.737,-8.673,-2.523,0.016
1747369028.740,-8.672,-2.520,0.014
1747369028.743,-8.670,-2.518,0.012
1747369028.746,-8.669,-2.515,0.011
1747369028.749,-8.668,-2.513,0.009
1747369028.752,-8.666,-2.510,0.007
1747369028.754,-8.665,-2.507,0.005
1747369028.768,-8.658,-2.496,-0.003
1747369028.771,-8.656,-2.493,-0.005
1747369028.773,-8.655,-2.491,-0.006
1747369028.776,-8.654,-2.489,-0.008
1747369028.779,-8.652,-2.486,-0.010
1747369028.782,-8.651,-2.484,-0.011
1747369028.785,-8.649,-2.481,-0.013
1747369028.788,-8.648,-2.479,-0.015
1747369028.791,-8.646,-2.476,-0.017
1747369028.794,-8.645,-2.473,-0.018
1747369028.797,-8.643,-2.471,-0.020
1747369028.801,-8.641,-2.467,-0.023
1747369028.804,-8.640,-2.465,-0.024
1747369028.807,-8.638,-2.462,-0.026
1747369028.810,-8.637,-2.460,-0.028
1747369028.812,-8.635,-2.457,-0.030
1747369028.815,-8.634,-2.455,-0.031
1747369028.818,-8.633,-2.452,-0.033
1747369028.821,-8.631,-2.450,-0.035
1747369028.824,-8.630,-2.447,-0.037
1747369028.827,-8.628,-2.444,-0.038
1747369028.830,-8.627,-2.442,-0.040
1747369028.834,-8.625,-2.438,-0.043
1747369028.837,-8.623,-2.436,-0.044
1747369028.840,-8.621,-2.433,-0.046
1747369028.843,-8.620,-2.430,-0.048
1747369028.846,-8.618,-2.428,-0.050
1747369028.849,-8.617,-2.425,-0.052
1747369028.852,-8.615,-2.422,-0.054
1747369028.855,-8.614,-2.420,-0.055
1747369028.858,-8.612,-2.417,-0.057
1747369028.861,-8.611,-2.414,-0.059
1747369028.864,-8.609,-2.412,-0.061
1747369028.868,-8.607,-2.408,-0.063
1747369028.871,-8.606,-2.406,-0.065
1747369028.874,-8.604,-2.403,-0.067
1747369028.877,-8.603,-2.400,-0.069
1747369028.881,-8.601,-2.398,-0.070
1747369028.884,-8.599,-2.395,-0.072
1747369028.887,-8.598,-2.392,-0.074
1747369028.890,-8.596,-2.390,-0.076
1747369028.893,-8.595,-2.387,-0.078
1747369028.896,-8.593,-2.384,-0.080
1747369028.899,-8.592,-2.381,-0.082
1747369028.903,-8.590,-2.378,-0.084
1747369028.906,-8.588,-2.375,-0.086
1747369028.909,-8.586,-2.373,-0.088
1747369028.912,-8.585,-2.370,-0.089
1747369028.915,-8.583,-2.367,-0.091
1747369028.919,-8.581,-2.364,-0.093
1747369028.930,-8.576,-2.354,-0.100
1747369028.933,-8.574,-2.351,-0.102
1747369028.936,-8.572,-2.348,-0.104
1747369028.940,-8.571,-2.346,-0.106
1747369028.943,-8.569,-2.343,-0.108
1747369028.947,-8.567,-2.339,-0.110
1747369028.950,-8.565,-2.337,-0.112
1747369028.953,-8.564,-2.334,-0.114
1747369028.956,-8.562,-2.331,-0.116
1747369028.959,-8.560,-2.328,-0.118
1747369028.963,-8.559,-2.325,-0.120
1747369028.966,-8.557,-2.323,-0.121
1747369028.969,-8.555,-2.320,-0.123
1747369028.972,-8.554,-2.317,-0.125
1747369028.975,-8.552,-2.314,-0.127
1747369028.979,-8.550,-2.311,-0.129
1747369028.983,-8.548,-2.307,-0.132
1747369028.986,-8.547,-2.305,-0.134
1747369028.989,-8.545,-2.302,-0.136
1747369028.992,-8.543,-2.299,-0.137
1747369028.996,-8.542,-2.296,-0.139
1747369028.999,-8.540,-2.293,-0.141
1747369029.002,-8.538,-2.290,-0.143
1747369029.005,-8.537,-2.288,-0.145
1747369029.008,-8.535,-2.285,-0.147
1747369029.011,-8.533,-2.282,-0.149
1747369029.015,-8.532,-2.279,-0.151
1747369029.019,-8.530,-2.275,-0.153
1747369029.022,-8.528,-2.273,-0.155
1747369029.025,-8.526,-2.270,-0.157
1747369029.028,-8.525,-2.267,-0.159
1747369029.031,-8.523,-2.264,-0.161
1747369029.035,-8.521,-2.261,-0.163
1747369029.038,-8.520,-2.258,-0.165
1747369029.041,-8.518,-2.256,-0.167
1747369029.044,-8.516,-2.253,-0.168
1747369029.047,-8.515,-2.250,-0.170
1747369029.051,-8.513,-2.247,-0.172
1747369029.055,-8.511,-2.243,-0.175
1747369029.058,-8.509,-2.241,-0.177
1747369029.061,-8.507,-2.238,-0.179
1747369029.064,-8.506,-2.235,-0.180
1747369029.068,-8.504,-2.232,-0.182
1747369029.071,-8.502,-2.229,-0.184
1747369029.074,-8.501,-2.226,-0.186
1747369029.077,-8.499,-2.223,-0.188
1747369029.080,-8.497,-2.220,-0.190
1747369029.084,-8.496,-2.217,-0.192
1747369029.087,-8.494,-2.215,-0.194
1747369029.091,-8.492,-2.211,-0.196
1747369029.104,-8.485,-2.199,-0.204
1747369029.107,-8.483,-2.196,-0.206
1747369029.110,-8.481,-2.193,-0.208
1747369029.114,-8.480,-2.190,-0.210
1747369029.117,-8.478,-2.188,-0.212
1747369029.120,-8.476,-2.185,-0.214
1747369029.124,-8.474,-2.182,-0.216
1747369029.127,-8.473,-2.179,-0.218
1747369029.130,-8.471,-2.176,-0.220
1747369029.134,-8.469,-2.173,-0.222
1747369029.138,-8.467,-2.169,-0.224
1747369029.141,-8.465,-2.166,-0.226
1747369029.145,-8.463,-2.163,-0.228
1747369029.148,-8.461,-2.160,-0.230
1747369029.151,-8.460,-2.157,-0.232
1747369029.155,-8.458,-2.154,-0.234
1747369029.158,-8.456,-2.151,-0.236
1747369029.161,-8.454,-2.148,-0.238
1747369029.165,-8.453,-2.145,-0.240
1747369029.168,-8.451,-2.142,-0.242
1747369029.171,-8.449,-2.139,-0.244
1747369029.175,-8.447,-2.135,-0.247
1747369029.179,-8.445,-2.132,-0.249
1747369029.182,-8.443,-2.129,-0.251
1747369029.185,-8.441,-2.126,-0.253
1747369029.189,-8.440,-2.123,-0.255
1747369029.192,-8.438,-2.120,-0.257
1747369029.195,-8.436,-2.117,-0.259
1747369029.199,-8.434,-2.114,-0.261
1747369029.202,-8.433,-2.111,-0.262
1747369029.205,-8.431,-2.108,-0.265
1747369029.209,-8.429,-2.104,-0.267
1747369029.214,-8.426,-2.100,-0.269
1747369029.217,-8.424,-2.097,-0.271
1747369029.220,-8.423,-2.094,-0.273
1747369029.224,-8.421,-2.091,-0.276
1747369029.227,-8.419,-2.088,-0.278
1747369029.231,-8.417,-2.085,-0.280
1747369029.234,-8.415,-2.082,-0.282
1747369029.237,-8.413,-2.079,-0.284
1747369029.241,-8.412,-2.076,-0.286
1747369029.244,-8.410,-2.072,-0.288
1747369029.248,-8.408,-2.069,-0.290
1747369029.251,-8.406,-2.066,-0.292
1747369029.256,-8.403,-2.062,-0.295
1747369029.259,-8.402,-2.059,-0.297
1747369029.263,-8.400,-2.055,-0.299
1747369029.266,-8.398,-2.052,-0.301
1747369029.270,-8.396,-2.049,-0.303
1747369029.273,-8.394,-2.046,-0.305
1747369029.287,-8.386,-2.033,-0.313
1747369029.291,-8.384,-2.030,-0.315
1747369029.294,-8.383,-2.027,-0.317
1747369029.298,-8.381,-2.024,-0.319
1747369029.301,-8.379,-2.021,-0.321
1747369029.305,-8.376,-2.017,-0.324
1747369029.309,-8.375,-2.013,-0.326
1747369029.313,-8.373,-2.010,-0.328
1747369029.316,-8.371,-2.007,-0.330
1747369029.319,-8.369,-2.004,-0.332
1747369029.323,-8.367,-2.001,-0.334
1747369029.338,-8.359,-1.987,-0.343
1747369029.343,-8.356,-1.982,-0.346
1747369029.347,-8.354,-1.979,-0.349
1747369029.350,-8.352,-1.976,-0.350
1747369029.353,-8.350,-1.973,-0.352
1747369029.356,-8.349,-1.970,-0.354
1747369029.360,-8.347,-1.967,-0.356
1747369029.363,-8.345,-1.964,-0.358
1747369029.366,-8.343,-1.961,-0.360
1747369029.369,-8.342,-1.958,-0.361
1747369029.372,-8.340,-1.956,-0.363
1747369029.375,-8.338,-1.953,-0.365
1747369029.378,-8.337,-1.950,-0.367
1747369029.381,-8.335,-1.947,-0.368
1747369029.384,-8.334,-1.945,-0.370
1747369029.386,-8.332,-1.942,-0.372
1747369029.389,-8.330,-1.939,-0.374
1747369029.392,-8.329,-1.937,-0.375
1747369029.395,-8.327,-1.934,-0.377
1747369029.398,-8.325,-1.931,-0.379
1747369029.401,-8.324,-1.929,-0.381
1747369029.404,-8.322,-1.926,-0.382
1747369029.407,-8.320,-1.923,-0.384
1747369029.411,-8.318,-1.920,-0.386
1747369029.414,-8.317,-1.917,-0.388
1747369029.417,-8.315,-1.914,-0.390
1747369029.420,-8.313,-1.911,-0.392
1747369029.423,-8.312,-1.908,-0.393
1747369029.426,-8.310,-1.906,-0.395
1747369029.429,-8.308,-1.903,-0.397
1747369029.432,-8.306,-1.900,-0.399
1747369029.435,-8.305,-1.897,-0.401
1747369029.438,-8.303,-1.894,-0.402
1747369029.442,-8.301,-1.891,-0.404
1747369029.446,-8.299,-1.887,-0.407
1747369029.449,-8.297,-1.885,-0.409
1747369029.452,-8.296,-1.882,-0.410
1747369029.455,-8.294,-1.879,-0.412
1747369029.458,-8.292,-1.876,-0.414
1747369029.473,-8.284,-1.863,-0.422
1747369029.476,-8.282,-1.860,-0.424
1747369029.479,-8.280,-1.857,-0.426
1747369029.482,-8.279,-1.854,-0.428
1747369029.485,-8.277,-1.851,-0.430
1747369029.488,-8.276,-1.848,-0.431
1747369029.491,-8.274,-1.846,-0.433
1747369029.494,-8.272,-1.843,-0.435
1747369029.497,-8.270,-1.840,-0.437
1747369029.500,-8.269,-1.837,-0.439
1747369029.503,-8.267,-1.834,-0.440
1747369029.507,-8.265,-1.831,-0.443
1747369029.510,-8.263,-1.828,-0.444
1747369029.513,-8.261,-1.825,-0.446
1747369029.516,-8.260,-1.822,-0.448
1747369029.519,-8.258,-1.819,-0.450
1747369029.522,-8.256,-1.816,-0.452
1747369029.525,-8.254,-1.813,-0.453
1747369029.529,-8.252,-1.810,-0.456
1747369029.533,-8.250,-1.806,-0.458
1747369029.536,-8.248,-1.803,-0.460
1747369029.539,-8.247,-1.801,-0.461
1747369029.542,-8.245,-1.798,-0.463
1747369029.545,-8.243,-1.795,-0.465
1747369029.548,-8.241,-1.792,-0.467
1747369029.551,-8.240,-1.789,-0.468
1747369029.554,-8.238,-1.787,-0.470
1747369029.557,-8.236,-1.784,-0.472
1747369029.560,-8.235,-1.781,-0.473
1747369029.564,-8.233,-1.777,-0.476
1747369029.567,-8.231,-1.774,-0.478
1747369029.570,-8.229,-1.772,-0.480
1747369029.573,-8.227,-1.769,-0.481
1747369029.577,-8.225,-1.766,-0.483
1747369029.580,-8.224,-1.763,-0.485
1747369029.583,-8.222,-1.760,-0.487
1747369029.586,-8.220,-1.757,-0.489
1747369029.589,-8.218,-1.754,-0.491
1747369029.593,-8.216,-1.751,-0.493
1747369029.596,-8.214,-1.748,-0.494
1747369029.600,-8.212,-1.744,-0.497
1747369029.603,-8.210,-1.741,-0.499
1747369029.607,-8.208,-1.737,-0.501
1747369029.610,-8.206,-1.734,-0.503
1747369029.613,-8.205,-1.731,-0.504
1747369029.616,-8.203,-1.728,-0.506
1747369029.619,-8.201,-1.725,-0.508
1747369029.623,-8.199,-1.722,-0.510
1747369029.626,-8.197,-1.719,-0.512
1747369029.629,-8.195,-1.716,-0.514
1747369029.641,-8.189,-1.705,-0.521
1747369029.645,-8.186,-1.701,-0.523
1747369029.649,-8.184,-1.698,-0.525
1747369029.652,-8.182,-1.695,-0.527
1747369029.655,-8.180,-1.692,-0.529
1747369029.658,-8.179,-1.689,-0.531
1747369029.662,-8.177,-1.686,-0.533
1747369029.665,-8.175,-1.683,-0.535
1747369029.668,-8.173,-1.679,-0.537
1747369029.672,-8.171,-1.676,-0.538
1747369029.675,-8.169,-1.673,-0.540
1747369029.678,-8.167,-1.670,-0.542
1747369029.683,-8.164,-1.666,-0.545
1747369029.686,-8.163,-1.663,-0.547
1747369029.689,-8.161,-1.660,-0.549
1747369029.693,-8.159,-1.657,-0.551
1747369029.696,-8.157,-1.653,-0.552
1747369029.699,-8.155,-1.650,-0.554
1747369029.703,-8.153,-1.647,-0.556
1747369029.706,-8.151,-1.644,-0.558
1747369029.709,-8.149,-1.641,-0.560
1747369029.713,-8.147,-1.638,-0.562
1747369029.716,-8.145,-1.635,-0.564
1747369029.721,-8.143,-1.630,-0.567
1747369029.724,-8.141,-1.627,-0.568
1747369029.727,-8.139,-1.624,-0.570
1747369029.731,-8.137,-1.621,-0.572
1747369029.734,-8.135,-1.618,-0.574
1747369029.737,-8.133,-1.615,-0.576
1747369029.740,-8.131,-1.612,-0.578
1747369029.743,-8.129,-1.609,-0.580
1747369029.746,-8.128,-1.606,-0.581
1747369029.749,-8.126,-1.603,-0.583
1747369029.752,-8.124,-1.600,-0.585
1747369029.756,-8.122,-1.596,-0.587
1747369029.760,-8.120,-1.593,-0.589
1747369029.763,-8.118,-1.590,-0.591
1747369029.766,-8.116,-1.588,-0.592
1747369029.769,-8.115,-1.585,-0.594
1747369029.772,-8.113,-1.582,-0.596
1747369029.775,-8.111,-1.579,-0.598
1747369029.778,-8.109,-1.576,-0.599
1747369029.781,-8.108,-1.573,-0.601
1747369029.784,-8.106,-1.570,-0.603
1747369029.787,-8.104,-1.567,-0.605
1747369029.791,-8.101,-1.563,-0.607
1747369029.794,-8.100,-1.560,-0.609
1747369029.797,-8.098,-1.557,-0.611
1747369029.801,-8.096,-1.554,-0.612
1747369029.804,-8.094,-1.551,-0.614
1747369029.814,-8.088,-1.541,-0.620
1747369029.818,-8.086,-1.538,-0.622
1747369029.821,-8.084,-1.535,-0.624
1747369029.824,-8.082,-1.532,-0.626
1747369029.828,-8.080,-1.529,-0.628
1747369029.831,-8.078,-1.525,-0.630
1747369029.836,-8.075,-1.521,-0.633
1747369029.839,-8.073,-1.518,-0.634
1747369029.843,-8.071,-1.514,-0.637
1747369029.847,-8.069,-1.511,-0.639
1747369029.850,-8.067,-1.507,-0.641
1747369029.854,-8.065,-1.504,-0.643
1747369029.857,-8.063,-1.501,-0.645
1747369029.860,-8.061,-1.497,-0.647
1747369029.864,-8.059,-1.494,-0.648
1747369029.867,-8.056,-1.491,-0.651
1747369029.871,-8.054,-1.487,-0.652
1747369029.875,-8.052,-1.483,-0.655
1747369029.878,-8.050,-1.480,-0.657
1747369029.881,-8.048,-1.477,-0.658
1747369029.885,-8.046,-1.474,-0.660
1747369029.888,-8.044,-1.471,-0.662
1747369029.891,-8.042,-1.468,-0.664
1747369029.895,-8.040,-1.465,-0.666
1747369029.898,-8.038,-1.462,-0.668
1747369029.902,-8.036,-1.458,-0.670
1747369029.905,-8.034,-1.455,-0.672
1747369029.909,-8.032,-1.451,-0.674
1747369029.914,-8.029,-1.447,-0.677
1747369029.917,-8.027,-1.443,-0.679
1747369029.921,-8.025,-1.440,-0.681
1747369029.924,-8.023,-1.437,-0.683
1747369029.927,-8.021,-1.433,-0.684
1747369029.931,-8.019,-1.430,-0.686
1747369029.934,-8.017,-1.427,-0.688
1747369029.937,-8.015,-1.424,-0.690
1747369029.940,-8.013,-1.421,-0.692
1747369029.944,-8.011,-1.418,-0.694
1747369029.947,-8.009,-1.415,-0.695
1747369029.951,-8.007,-1.411,-0.698
1747369029.954,-8.005,-1.407,-0.700
1747369029.958,-8.003,-1.404,-0.701
1747369029.961,-8.001,-1.401,-0.703
1747369029.964,-7.999,-1.398,-0.705
1747369029.967,-7.997,-1.395,-0.707
1747369029.971,-7.995,-1.392,-0.709
1747369029.974,-7.993,-1.388,-0.711
1747369029.977,-7.991,-1.385,-0.713
1747369029.981,-7.989,-1.382,-0.714
1747369029.984,-7.987,-1.379,-0.716
1747369029.998,-7.979,-1.366,-0.724
1747369030.001,-7.976,-1.362,-0.726
1747369030.005,-7.974,-1.359,-0.728
1747369030.008,-7.972,-1.356,-0.730
1747369030.012,-7.970,-1.353,-0.732
1747369030.015,-7.968,-1.349,-0.734
1747369030.018,-7.966,-1.346,-0.736
1747369030.022,-7.964,-1.342,-0.738
1747369030.026,-7.962,-1.339,-0.740
1747369030.029,-7.960,-1.336,-0.741
1747369030.033,-7.958,-1.332,-0.743
1747369030.036,-7.955,-1.329,-0.745
1747369030.041,-7.952,-1.324,-0.748
1747369030.045,-7.950,-1.321,-0.750
1747369030.048,-7.948,-1.317,-0.752
1747369030.052,-7.946,-1.314,-0.754
1747369030.055,-7.944,-1.311,-0.756
1747369030.059,-7.942,-1.307,-0.758
1747369030.063,-7.939,-1.303,-0.760
1747369030.066,-7.937,-1.300,-0.762
1747369030.069,-7.935,-1.297,-0.764
1747369030.073,-7.933,-1.294,-0.766
1747369030.076,-7.931,-1.290,-0.768
1747369030.080,-7.928,-1.286,-0.770
1747369030.084,-7.926,-1.283,-0.772
1747369030.087,-7.924,-1.280,-0.774
1747369030.091,-7.922,-1.276,-0.776
1747369030.094,-7.920,-1.273,-0.777
1747369030.097,-7.918,-1.270,-0.779
1747369030.101,-7.916,-1.267,-0.781
1747369030.104,-7.914,-1.263,-0.783
1747369030.107,-7.912,-1.260,-0.785
1747369030.111,-7.910,-1.257,-0.787
1747369030.114,-7.908,-1.253,-0.789
1747369030.119,-7.905,-1.249,-0.791
1747369030.122,-7.903,-1.246,-0.793
1747369030.126,-7.901,-1.242,-0.795
1747369030.130,-7.898,-1.238,-0.797
1747369030.133,-7.896,-1.235,-0.799
1747369030.136,-7.894,-1.232,-0.801
1747369030.140,-7.892,-1.229,-0.803
1747369030.143,-7.890,-1.225,-0.805
1747369030.147,-7.888,-1.222,-0.806
1747369030.150,-7.886,-1.219,-0.808
1747369030.153,-7.884,-1.215,-0.810
1747369030.158,-7.881,-1.211,-0.813
1747369030.161,-7.879,-1.208,-0.815
1747369030.165,-7.877,-1.204,-0.816
1747369030.168,-7.875,-1.201,-0.818
1747369030.172,-7.873,-1.198,-0.820
1747369030.189,-7.862,-1.181,-0.830
1747369030.193,-7.859,-1.177,-0.832
1747369030.197,-7.857,-1.174,-0.834
1747369030.200,-7.855,-1.170,-0.836
1747369030.204,-7.853,-1.166,-0.838
1747369030.208,-7.850,-1.163,-0.840
1747369030.213,-7.847,-1.158,-0.843
1747369030.217,-7.845,-1.154,-0.845
1747369030.220,-7.842,-1.150,-0.847
1747369030.224,-7.840,-1.147,-0.849
1747369030.227,-7.838,-1.143,-0.851
1747369030.231,-7.836,-1.140,-0.853
1747369030.235,-7.834,-1.136,-0.855
1747369030.238,-7.831,-1.133,-0.857
1747369030.242,-7.829,-1.129,-0.859
1747369030.246,-7.827,-1.126,-0.860
1747369030.249,-7.825,-1.122,-0.862
1747369030.310,-7.787,-1.063,-0.895
1747369030.313,-7.785,-1.060,-0.897
1747369030.316,-7.783,-1.057,-0.898
1747369030.319,-7.781,-1.054,-0.900
1747369030.322,-7.779,-1.051,-0.902
1747369030.326,-7.777,-1.047,-0.904
1747369030.340,-7.768,-1.034,-0.911
1747369030.343,-7.765,-1.030,-0.913
1747369030.347,-7.763,-1.027,-0.915
1747369030.350,-7.761,-1.024,-0.917
1747369030.353,-7.759,-1.021,-0.918
1747369030.357,-7.757,-1.017,-0.920
1747369030.360,-7.755,-1.014,-0.922
1747369030.363,-7.753,-1.011,-0.923
1747369030.366,-7.751,-1.008,-0.925
1747369030.369,-7.749,-1.005,-0.927
1747369030.373,-7.747,-1.002,-0.929
1747369030.376,-7.745,-0.998,-0.930
1747369030.379,-7.743,-0.995,-0.932
1747369030.383,-7.741,-0.992,-0.934
1747369030.386,-7.738,-0.988,-0.936
1747369030.390,-7.736,-0.985,-0.938
1747369030.393,-7.734,-0.982,-0.939
1747369030.396,-7.732,-0.978,-0.941
1747369030.400,-7.730,-0.975,-0.943
1747369030.403,-7.728,-0.972,-0.945
1747369030.407,-7.726,-0.968,-0.947
1747369030.410,-7.723,-0.965,-0.949
1747369030.414,-7.721,-0.961,-0.951
1747369030.427,-7.712,-0.948,-0.958
1747369030.433,-7.709,-0.943,-0.960
1747369030.437,-7.706,-0.938,-0.963
1747369030.444,-7.701,-0.931,-0.967
1747369030.463,-7.689,-0.913,-0.976
1747369030.467,-7.687,-0.909,-0.979
1747369030.471,-7.684,-0.905,-0.981
1747369030.475,-7.682,-0.901,-0.983
1747369030.478,-7.680,-0.898,-0.984
1747369030.483,-7.677,-0.893,-0.987
1747369030.487,-7.674,-0.890,-0.989
1747369030.491,-7.672,-0.885,-0.991
1747369030.495,-7.669,-0.881,-0.993
1747369030.500,-7.666,-0.877,-0.995
1747369030.504,-7.664,-0.873,-0.998
1747369030.508,-7.660,-0.868,-1.000
1747369030.514,-7.657,-0.863,-1.003
1747369030.518,-7.654,-0.859,-1.005
1747369030.522,-7.652,-0.855,-1.007
1747369030.525,-7.650,-0.852,-1.009
1747369030.529,-7.647,-0.848,-1.010
1747369030.532,-7.645,-0.845,-1.012
1747369030.536,-7.643,-0.841,-1.014
1747369030.540,-7.640,-0.837,-1.016
1747369030.543,-7.638,-0.834,-1.018
1747369030.546,-7.636,-0.831,-1.020
1747369030.550,-7.634,-0.828,-1.021
1747369030.554,-7.631,-0.823,-1.024
1747369030.557,-7.629,-0.820,-1.025
1747369030.560,-7.627,-0.817,-1.027
1747369030.564,-7.625,-0.814,-1.029
1747369030.567,-7.623,-0.811,-1.030
1747369030.570,-7.621,-0.807,-1.032
1747369030.574,-7.618,-0.804,-1.034
1747369030.577,-7.616,-0.800,-1.036
1747369030.580,-7.614,-0.797,-1.037
1747369030.584,-7.612,-0.794,-1.039
1747369030.587,-7.610,-0.790,-1.041
1747369030.592,-7.607,-0.786,-1.043
1747369030.595,-7.605,-0.783,-1.045
1747369030.598,-7.602,-0.780,-1.046
1747369030.602,-7.600,-0.776,-1.048
1747369030.605,-7.598,-0.773,-1.050
1747369030.609,-7.595,-0.769,-1.052
1747369030.612,-7.593,-0.766,-1.053
1747369030.615,-7.591,-0.763,-1.055
1747369030.619,-7.589,-0.759,-1.057
1747369030.622,-7.587,-0.756,-1.058
1747369030.625,-7.585,-0.753,-1.060
1747369030.630,-7.582,-0.748,-1.062
1747369030.633,-7.580,-0.745,-1.064
1747369030.637,-7.577,-0.742,-1.066
1747369030.640,-7.575,-0.738,-1.068
1747369030.644,-7.573,-0.734,-1.070
1747369030.661,-7.561,-0.718,-1.078
1747369030.665,-7.559,-0.714,-1.080
1747369030.668,-7.557,-0.710,-1.082
1747369030.672,-7.554,-0.707,-1.084
1747369030.675,-7.552,-0.704,-1.085
1747369030.678,-7.550,-0.700,-1.087
1747369030.683,-7.547,-0.696,-1.089
1747369030.687,-7.545,-0.692,-1.091
1747369030.690,-7.542,-0.689,-1.093
1747369030.694,-7.540,-0.685,-1.095
1747369030.698,-7.537,-0.681,-1.097
1747369030.702,-7.534,-0.677,-1.099
1747369030.706,-7.532,-0.673,-1.101
1747369030.710,-7.530,-0.669,-1.103
1747369030.714,-7.527,-0.666,-1.105
1747369030.718,-7.524,-0.661,-1.107
1747369030.722,-7.521,-0.657,-1.109
1747369030.727,-7.518,-0.652,-1.111
1747369030.730,-7.516,-0.649,-1.113
1747369030.734,-7.514,-0.646,-1.115
1747369030.737,-7.511,-0.642,-1.116
1747369030.740,-7.509,-0.639,-1.118
1747369030.744,-7.507,-0.636,-1.120
1747369030.747,-7.505,-0.632,-1.121
1747369030.750,-7.503,-0.629,-1.123
1747369030.754,-7.500,-0.625,-1.125
1747369030.757,-7.498,-0.622,-1.126
1747369030.761,-7.496,-0.619,-1.128
1747369030.766,-7.493,-0.614,-1.131
1747369030.769,-7.490,-0.610,-1.132
1747369030.773,-7.488,-0.607,-1.134
1747369030.776,-7.485,-0.603,-1.136
1747369030.780,-7.483,-0.600,-1.138
1747369030.784,-7.481,-0.596,-1.140
1747369030.787,-7.478,-0.592,-1.141
1747369030.791,-7.476,-0.589,-1.143
1747369030.795,-7.473,-0.585,-1.145
1747369030.799,-7.471,-0.581,-1.147
1747369030.802,-7.468,-0.578,-1.149
1747369030.807,-7.465,-0.573,-1.151
1747369030.811,-7.463,-0.569,-1.153
1747369030.815,-7.460,-0.565,-1.155
1747369030.818,-7.458,-0.562,-1.156
1747369030.822,-7.455,-0.558,-1.158
1747369030.826,-7.453,-0.554,-1.160
1747369030.829,-7.450,-0.551,-1.162
1747369030.833,-7.448,-0.547,-1.164
1747369030.837,-7.445,-0.543,-1.165
1747369030.841,-7.443,-0.540,-1.167
1747369030.844,-7.440,-0.536,-1.169
1747369030.860,-7.430,-0.520,-1.177
1747369030.864,-7.427,-0.516,-1.179
1747369030.868,-7.424,-0.512,-1.181
1747369030.872,-7.422,-0.509,-1.182
1747369030.875,-7.420,-0.505,-1.184
1747369030.879,-7.417,-0.501,-1.186
1747369030.883,-7.415,-0.498,-1.188
1747369030.887,-7.412,-0.494,-1.190
1747369030.890,-7.410,-0.490,-1.191
1747369030.894,-7.407,-0.486,-1.193
1747369030.898,-7.404,-0.482,-1.195
1747369030.903,-7.401,-0.477,-1.198
1747369030.907,-7.398,-0.473,-1.200
1747369030.911,-7.395,-0.469,-1.201
1747369030.915,-7.393,-0.465,-1.203
1747369030.919,-7.390,-0.462,-1.205
1747369030.923,-7.388,-0.458,-1.207
1747369030.927,-7.385,-0.454,-1.209
1747369030.930,-7.382,-0.450,-1.211
1747369030.934,-7.380,-0.446,-1.212
1747369030.938,-7.378,-0.443,-1.214
1747369030.941,-7.375,-0.439,-1.216
1747369030.946,-7.372,-0.434,-1.218
1747369030.950,-7.369,-0.430,-1.220
1747369030.954,-7.367,-0.427,-1.222
1747369030.958,-7.364,-0.423,-1.224
1747369030.961,-7.362,-0.419,-1.225
1747369030.965,-7.359,-0.416,-1.227
1747369030.969,-7.357,-0.412,-1.229
1747369030.973,-7.354,-0.408,-1.231
1747369030.976,-7.351,-0.404,-1.232
1747369030.980,-7.349,-0.401,-1.234
1747369030.984,-7.346,-0.396,-1.236
1747369030.990,-7.342,-0.391,-1.239
1747369030.994,-7.340,-0.387,-1.241
1747369030.997,-7.337,-0.384,-1.242
1747369031.001,-7.335,-0.380,-1.244
1747369031.007,-7.331,-0.374,-1.247
1747369031.012,-7.327,-0.369,-1.249
1747369031.017,-7.324,-0.364,-1.252
1747369031.022,-7.320,-0.359,-1.254
1747369031.027,-7.317,-0.353,-1.256
1747369031.032,-7.314,-0.349,-1.258
1747369031.037,-7.310,-0.344,-1.261
1747369031.043,-7.306,-0.338,-1.264
1747369031.047,-7.303,-0.334,-1.266
1747369031.051,-7.301,-0.330,-1.267
1747369031.055,-7.298,-0.326,-1.269
1747369031.059,-7.295,-0.322,-1.271
1747369031.062,-7.293,-0.318,-1.273
1747369031.074,-7.285,-0.307,-1.278
1747369031.078,-7.282,-0.303,-1.280
1747369031.082,-7.279,-0.299,-1.282
1747369031.086,-7.277,-0.295,-1.284
1747369031.090,-7.274,-0.291,-1.285
1747369031.093,-7.272,-0.288,-1.287
1747369031.099,-7.268,-0.282,-1.289
1747369031.103,-7.265,-0.278,-1.291
1747369031.107,-7.262,-0.274,-1.293
1747369031.111,-7.259,-0.270,-1.295
1747369031.117,-7.256,-0.264,-1.298
1747369031.121,-7.252,-0.260,-1.300
1747369031.126,-7.249,-0.255,-1.302
1747369031.130,-7.247,-0.251,-1.304
1747369031.134,-7.244,-0.247,-1.305
1747369031.138,-7.241,-0.243,-1.307
1747369031.142,-7.238,-0.239,-1.309
1747369031.147,-7.235,-0.234,-1.312
1747369031.151,-7.232,-0.230,-1.313
1747369031.154,-7.229,-0.227,-1.315
1747369031.158,-7.227,-0.223,-1.317
1747369031.162,-7.224,-0.219,-1.318
1747369031.166,-7.222,-0.215,-1.320
1747369031.170,-7.219,-0.211,-1.322
1747369031.174,-7.216,-0.207,-1.324
1747369031.178,-7.213,-0.203,-1.325
1747369031.182,-7.211,-0.199,-1.327
1747369031.186,-7.208,-0.195,-1.329
1747369031.192,-7.204,-0.190,-1.332
1747369031.195,-7.201,-0.186,-1.333
1747369031.199,-7.198,-0.182,-1.335
1747369031.203,-7.196,-0.178,-1.337
1747369031.207,-7.193,-0.174,-1.339
1747369031.212,-7.190,-0.169,-1.341
1747369031.216,-7.187,-0.165,-1.342
1747369031.220,-7.184,-0.161,-1.344
1747369031.224,-7.181,-0.157,-1.346
1747369031.228,-7.179,-0.153,-1.348
1747369031.232,-7.176,-0.150,-1.349
1747369031.237,-7.172,-0.144,-1.352
1747369031.241,-7.169,-0.140,-1.354
1747369031.245,-7.167,-0.136,-1.355
1747369031.249,-7.164,-0.132,-1.357
1747369031.253,-7.161,-0.128,-1.359
1747369031.257,-7.159,-0.124,-1.360
1747369031.261,-7.156,-0.120,-1.362
1747369031.265,-7.153,-0.116,-1.364
1747369031.269,-7.150,-0.112,-1.366
1747369031.273,-7.147,-0.108,-1.368
1747369031.278,-7.144,-0.103,-1.370
1747369031.297,-7.131,-0.085,-1.378
1747369031.301,-7.128,-0.080,-1.380
1747369031.305,-7.125,-0.076,-1.381
1747369031.309,-7.122,-0.072,-1.383
1747369031.313,-7.119,-0.068,-1.385
1747369031.318,-7.116,-0.064,-1.387
1747369031.322,-7.113,-0.059,-1.389
1747369031.326,-7.110,-0.055,-1.391
1747369031.344,-7.098,-0.037,-1.398
1747369031.349,-7.094,-0.032,-1.400
1747369031.353,-7.091,-0.028,-1.402
1747369031.358,-7.087,-0.023,-1.405
1747369031.363,-7.084,-0.018,-1.407
1747369031.367,-7.081,-0.014,-1.408
1747369031.371,-7.078,-0.010,-1.410
1747369031.375,-7.075,-0.006,-1.412
1747369031.379,-7.073,-0.002,-1.413
1747369031.383,-7.070,0.002,-1.415
1747369031.387,-7.067,0.006,-1.417
1747369031.391,-7.064,0.009,-1.418
1747369031.395,-7.061,0.014,-1.420
1747369031.399,-7.059,0.018,-1.422
1747369031.403,-7.056,0.022,-1.423
1747369031.407,-7.053,0.026,-1.425
1747369031.411,-7.050,0.030,-1.427
1747369031.415,-7.047,0.034,-1.429
1747369031.419,-7.044,0.038,-1.430
1747369031.423,-7.041,0.042,-1.432
1747369031.427,-7.038,0.046,-1.434
1747369031.431,-7.036,0.050,-1.435
1747369031.435,-7.033,0.054,-1.437
1747369031.439,-7.030,0.058,-1.438
1747369031.443,-7.027,0.062,-1.440
1747369031.447,-7.024,0.066,-1.442
1747369031.452,-7.021,0.071,-1.444
1747369031.456,-7.018,0.075,-1.446
1747369031.460,-7.015,0.079,-1.447
1747369031.464,-7.012,0.083,-1.449
1747369031.468,-7.009,0.087,-1.451
1747369031.473,-7.006,0.091,-1.452
1747369031.477,-7.003,0.095,-1.454
1747369031.481,-7.000,0.099,-1.456
1747369031.485,-6.997,0.104,-1.457
1747369031.489,-6.994,0.108,-1.459
1747369031.493,-6.992,0.112,-1.461
1747369031.499,-6.987,0.118,-1.463
1747369031.503,-6.985,0.122,-1.465
1747369031.507,-6.982,0.125,-1.466
1747369031.510,-6.979,0.129,-1.468
1747369031.514,-6.976,0.133,-1.470
1747369031.542,-6.957,0.161,-1.481
1747369031.552,-6.949,0.170,-1.485
1747369031.560,-6.943,0.179,-1.488
1747369031.566,-6.939,0.185,-1.490
1747369031.571,-6.936,0.189,-1.492
1747369031.576,-6.932,0.195,-1.494
1747369031.583,-6.927,0.202,-1.497
1747369031.588,-6.923,0.207,-1.499
1747369031.593,-6.920,0.212,-1.501
1747369031.597,-6.917,0.216,-1.503
1747369031.602,-6.914,0.220,-1.505
1747369031.606,-6.911,0.224,-1.506
1747369031.610,-6.908,0.228,-1.508
1747369031.614,-6.905,0.232,-1.509
1747369031.617,-6.902,0.236,-1.511
1747369031.621,-6.899,0.240,-1.512
1747369031.625,-6.896,0.244,-1.514
1747369031.631,-6.892,0.250,-1.516
1747369031.635,-6.890,0.253,-1.518
1747369031.639,-6.887,0.257,-1.519
1747369031.643,-6.884,0.261,-1.521
1747369031.647,-6.881,0.265,-1.522
1747369031.651,-6.878,0.270,-1.524
1747369031.655,-6.875,0.274,-1.525
1747369031.659,-6.872,0.278,-1.527
1747369031.663,-6.869,0.282,-1.529
1747369031.667,-6.866,0.286,-1.530
1747369031.671,-6.863,0.290,-1.532
1747369031.677,-6.859,0.295,-1.534
1747369031.681,-6.856,0.299,-1.535
1747369031.685,-6.853,0.303,-1.537
1747369031.689,-6.850,0.307,-1.538
1747369031.693,-6.847,0.311,-1.540
1747369031.697,-6.845,0.315,-1.542
1747369031.700,-6.842,0.319,-1.543
1747369031.704,-6.839,0.323,-1.545
1747369031.709,-6.836,0.327,-1.546
1747369031.713,-6.833,0.331,-1.548
1747369031.717,-6.830,0.336,-1.549
1747369031.721,-6.827,0.340,-1.551
1747369031.727,-6.822,0.345,-1.553
1747369031.731,-6.819,0.350,-1.555
1747369031.735,-6.816,0.354,-1.556
1747369031.739,-6.813,0.358,-1.558
1747369031.744,-6.810,0.362,-1.559
1747369031.748,-6.807,0.367,-1.561
1747369031.753,-6.804,0.371,-1.563
1747369031.757,-6.801,0.375,-1.564
1747369031.761,-6.798,0.379,-1.566
1747369031.765,-6.795,0.383,-1.567
1747369031.782,-6.782,0.401,-1.574
1747369031.788,-6.777,0.407,-1.576
1747369031.792,-6.774,0.411,-1.577
1747369031.796,-6.772,0.415,-1.579
1747369031.800,-6.769,0.419,-1.580
1747369031.805,-6.765,0.423,-1.582
1747369031.809,-6.762,0.428,-1.584
1747369031.814,-6.759,0.432,-1.585
1747369031.818,-6.755,0.436,-1.587
1747369031.822,-6.752,0.441,-1.589
1747369031.827,-6.749,0.445,-1.590
1747369031.831,-6.746,0.449,-1.592
1747369031.837,-6.742,0.455,-1.594
1747369031.841,-6.738,0.459,-1.595
1747369031.845,-6.735,0.464,-1.597
1747369031.850,-6.732,0.468,-1.598
1747369031.854,-6.729,0.472,-1.600
1747369031.858,-6.726,0.476,-1.601
1747369031.862,-6.723,0.480,-1.603
1747369031.867,-6.720,0.485,-1.604
1747369031.871,-6.716,0.489,-1.606
1747369031.875,-6.713,0.493,-1.608
1747369031.879,-6.710,0.497,-1.609
1747369031.885,-6.706,0.503,-1.611
1747369031.889,-6.703,0.507,-1.613
1747369031.893,-6.700,0.511,-1.614
1747369031.897,-6.697,0.515,-1.615
1747369031.901,-6.694,0.519,-1.617
1747369031.905,-6.691,0.523,-1.618
1747369031.910,-6.688,0.527,-1.620
1747369031.914,-6.685,0.531,-1.621
1747369031.918,-6.682,0.536,-1.623
1747369031.922,-6.678,0.540,-1.624
1747369031.926,-6.675,0.544,-1.626
1747369031.932,-6.671,0.550,-1.628
1747369031.936,-6.668,0.554,-1.629
1747369031.941,-6.665,0.558,-1.631
1747369031.945,-6.662,0.562,-1.632
1747369031.949,-6.659,0.566,-1.633
1747369031.953,-6.656,0.570,-1.635
1747369031.957,-6.652,0.574,-1.636
1747369031.961,-6.649,0.578,-1.638
1747369031.965,-6.646,0.583,-1.639
1747369031.969,-6.643,0.587,-1.640
1747369031.973,-6.640,0.591,-1.642
1747369031.979,-6.636,0.597,-1.644
1747369031.984,-6.632,0.601,-1.645
1747369031.988,-6.629,0.605,-1.647
1747369031.992,-6.626,0.610,-1.648
1747369031.996,-6.623,0.614,-1.650
